{
  "n_topics": 17,
  "n_corpora": 3,
  "descriptive_stats": {
    "topic_id": {
      "count": 17.0,
      "mean": 2.9411764705882355,
      "std": 2.3040884378451634,
      "min": 0.0,
      "25%": 1.0,
      "50%": 3.0,
      "75%": 5.0,
      "max": 7.0
    },
    "avg_coherence": {
      "count": 17.0,
      "mean": 4.0,
      "std": 0.0,
      "min": 4.0,
      "25%": 4.0,
      "50%": 4.0,
      "75%": 4.0,
      "max": 4.0
    },
    "avg_relevance": {
      "count": 17.0,
      "mean": 3.9445898872369467,
      "std": 0.5146356460603052,
      "min": 3.0,
      "25%": 3.6,
      "50%": 4.0,
      "75%": 4.384615384615385,
      "max": 4.555555555555555
    },
    "avg_coverage": {
      "count": 17.0,
      "mean": 3.511682108740932,
      "std": 0.26239621802216795,
      "min": 3.142857142857143,
      "25%": 3.25,
      "50%": 3.5,
      "75%": 3.6666666666666665,
      "max": 4.0
    },
    "num_clusters": {
      "count": 17.0,
      "mean": 5.411764705882353,
      "std": 3.5010502625892808,
      "min": 2.0,
      "25%": 2.0,
      "50%": 4.0,
      "75%": 7.0,
      "max": 13.0
    },
    "topic_entropy": {
      "count": 17.0,
      "mean": 9.303789615631104,
      "std": 0.9212525859875359,
      "min": 7.420701503753662,
      "25%": 8.942340850830078,
      "50%": 9.33471393585205,
      "75%": 9.867204666137695,
      "max": 10.865345001220703
    },
    "topic_entropy_normalized": {
      "count": 17.0,
      "mean": 0.9476186105069351,
      "std": 0.013779302640329645,
      "min": 0.9144323624358002,
      "25%": 0.9419933411264487,
      "50%": 0.9498057217236916,
      "75%": 0.9556242619393062,
      "max": 0.9698801866258686
    },
    "topic_concentration_gini": {
      "count": 17.0,
      "mean": -0.4439549628648005,
      "std": 0.05246836588903937,
      "min": -0.5503043531817351,
      "25%": -0.4878348349758276,
      "50%": -0.4363617644876757,
      "75%": -0.4207570156251421,
      "max": -0.3615067080671228
    },
    "topic_concentration_top10": {
      "count": 17.0,
      "mean": 0.25497658901354847,
      "std": 0.07099639148188182,
      "min": 0.17917367815971375,
      "25%": 0.1978278011083603,
      "50%": 0.22925995290279388,
      "75%": 0.29603031277656555,
      "max": 0.41794925928115845
    },
    "topic_n_docs": {
      "count": 17.0,
      "mean": 1093.3529411764705,
      "std": 758.7956692331993,
      "min": 258.0,
      "25%": 640.0,
      "50%": 872.0,
      "75%": 1427.0,
      "max": 2941.0
    },
    "topic_mean_prob": {
      "count": 17.0,
      "mean": 0.0013362163290901877,
      "std": 0.0008694632923577143,
      "min": 0.00034002040047198534,
      "25%": 0.000700770819094032,
      "50%": 0.0011467889416962862,
      "75%": 0.0015625000232830644,
      "max": 0.0038759689778089523
    },
    "cluster_mean_overlap": {
      "count": 17.0,
      "mean": 0.012178459620527356,
      "std": 0.01513316439916198,
      "min": 0.0,
      "25%": 0.0,
      "50%": 0.010416666666666666,
      "75%": 0.015384615384615385,
      "max": 0.0567305710162853
    },
    "cluster_max_overlap": {
      "count": 17.0,
      "mean": 0.0826863495981143,
      "std": 0.0820042394691649,
      "min": 0.0,
      "25%": 0.0,
      "50%": 0.08333333333333333,
      "75%": 0.14285714285714285,
      "max": 0.2222222222222222
    },
    "cluster_n_pairs": {
      "count": 17.0,
      "mean": 17.0,
      "std": 21.224985276791124,
      "min": 1.0,
      "25%": 1.0,
      "50%": 6.0,
      "75%": 21.0,
      "max": 66.0
    },
    "quality_score": {
      "count": 17.0,
      "mean": 3.818757331992626,
      "std": 0.11340337619717573,
      "min": 3.6666666666666665,
      "25%": 3.733333333333333,
      "50%": 3.8333333333333335,
      "75%": 3.888888888888889,
      "max": 4.051282051282051
    }
  },
  "correlations": {
    "topic_entropy_vs_avg_relevance": {
      "n_samples": 17,
      "parametric": {
        "test": "Pearson",
        "r": -0.3898388831670892,
        "p_value": 0.12189590231974451,
        "significant": false
      },
      "non_parametric": {
        "test": "Spearman",
        "rho": -0.20787349396705013,
        "p_value": 0.423361028634209,
        "significant": false
      },
      "interpretation": "Weak negative"
    },
    "topic_entropy_vs_avg_coverage": {
      "n_samples": 17,
      "parametric": {
        "test": "Pearson",
        "r": 0.5710124398060036,
        "p_value": 0.016661803677350963,
        "significant": true
      },
      "non_parametric": {
        "test": "Spearman",
        "rho": 0.36525149299324927,
        "p_value": 0.14940595928470637,
        "significant": false
      },
      "interpretation": "Moderate positive"
    },
    "topic_entropy_vs_quality_score": {
      "n_samples": 17,
      "parametric": {
        "test": "Pearson",
        "r": -0.1493003193635121,
        "p_value": 0.5673804970430947,
        "significant": false
      },
      "non_parametric": {
        "test": "Spearman",
        "rho": -0.06675157177079206,
        "p_value": 0.7990758537490491,
        "significant": false
      },
      "interpretation": "No correlation"
    },
    "topic_entropy_normalized_vs_avg_relevance": {
      "n_samples": 17,
      "parametric": {
        "test": "Pearson",
        "r": 0.12167596176689276,
        "p_value": 0.6417847666506302,
        "significant": false
      },
      "non_parametric": {
        "test": "Spearman",
        "rho": 0.10824181934378942,
        "p_value": 0.6792277967969103,
        "significant": false
      },
      "interpretation": "Weak positive"
    },
    "topic_entropy_normalized_vs_avg_coverage": {
      "n_samples": 17,
      "parametric": {
        "test": "Pearson",
        "r": 0.11823258511846203,
        "p_value": 0.6513087993986583,
        "significant": false
      },
      "non_parametric": {
        "test": "Spearman",
        "rho": 0.17144457834377005,
        "p_value": 0.510576813066823,
        "significant": false
      },
      "interpretation": "Weak positive"
    },
    "topic_entropy_normalized_vs_quality_score": {
      "n_samples": 17,
      "parametric": {
        "test": "Pearson",
        "r": 0.2752492136658707,
        "p_value": 0.28494987070995936,
        "significant": false
      },
      "non_parametric": {
        "test": "Spearman",
        "rho": 0.1928378740045104,
        "p_value": 0.4583707341458553,
        "significant": false
      },
      "interpretation": "Weak positive"
    },
    "topic_concentration_gini_vs_avg_relevance": {
      "n_samples": 17,
      "parametric": {
        "test": "Pearson",
        "r": -0.010675686685401397,
        "p_value": 0.9675629487732276,
        "significant": false
      },
      "non_parametric": {
        "test": "Spearman",
        "rho": 0.009840165394889949,
        "p_value": 0.9701004898611011,
        "significant": false
      },
      "interpretation": "No correlation"
    },
    "topic_concentration_gini_vs_avg_coverage": {
      "n_samples": 17,
      "parametric": {
        "test": "Pearson",
        "r": 0.16439750956559376,
        "p_value": 0.5283600270110345,
        "significant": false
      },
      "non_parametric": {
        "test": "Spearman",
        "rho": 0.2360468832269298,
        "p_value": 0.3617171254945565,
        "significant": false
      },
      "interpretation": "Weak positive"
    },
    "topic_concentration_gini_vs_quality_score": {
      "n_samples": 17,
      "parametric": {
        "test": "Pearson",
        "r": 0.11064689932554143,
        "p_value": 0.6724690851689061,
        "significant": false
      },
      "non_parametric": {
        "test": "Spearman",
        "rho": 0.0716961326427026,
        "p_value": 0.7845106929644088,
        "significant": false
      },
      "interpretation": "No correlation"
    },
    "topic_concentration_top10_vs_avg_relevance": {
      "n_samples": 17,
      "parametric": {
        "test": "Pearson",
        "r": 0.10130460849230269,