{
  "kge_model_type": "convkb",
  "kge_search_type": "smart",
  "kge_embedding_dim": 8,
  "kge_metrics": {
    "train_mrr": 0.30795997381210327,
    "test_mrr": 0.04972832277417182,
    "train_test_gap": 0.25823165103793144
  },
  "selection_criterion": "downstream_auc",
  "best_classifier_params": {
    "subsample": 1.0,
    "n_estimators": 100,
    "min_child_weight": 1,
    "max_depth": 10,
    "learning_rate": 0.2,
    "gamma": 0.1,
    "colsample_bytree": 0.8
  },
  "cv_results": {
    "fold_accuracies": [
      0.8517520215633423,
      0.8766014834794336,
      0.8644639244774106,
      0.8644639244774106,
      0.8570465273095077,
      0.8691840863115307,
      0.8570465273095077,
      0.8604180714767363,
      0.8739042481456507,
      0.8482805124747134
    ],
    "fold_aucs": [
      0.9357669871636476,
      0.9493631904269593,
      0.9439620407235507,
      0.9485383075603264,
      0.9390714018609356,
      0.9451177932733552,
      0.9422261205575475,
      0.941788932638232,
      0.9464916815145583,
      0.9394728448560306
    ],
    "fold_logloss": [
      0.3187332791009979,
      0.2897280004959024,
      0.30014441213032056,
      0.2890698533152758,
      0.30998787470771233,
      0.2984413151509504,
      0.30414505992474644,
      0.30567701031304795,
      0.2962647311372881,
      0.31063689930867294
    ],
    "fold_mean_per_class_error": [
      0.1483236598522163,
      0.12466913031682836,
      0.1359416129576267,
      0.13726234208075788,
      0.1435974424964988,
      0.13280522499138453,
      0.14407770763218292,
      0.141219946767559,
      0.12654711364319599,
      0.15117170028522614
    ],
    "mean_accuracy": 0.8623161327025244,
    "std_accuracy": 0.008732065448036638,
    "ci_accuracy": [
      0.8557316979025954,
      0.8689005675024534
    ],
    "mean_auc": 0.9431799300575143,
    "std_auc": 0.004131567018372202,
    "ci_auc": [
      0.9400645120827068,
      0.9462953480323218
    ],
    "mean_logloss": 0.30228284355849144,
    "std_logloss": 0.008958336351493939,
    "mean_mpce": 0.13856158810234767,
    "std_mpce": 0.008343879524266051
  },
  "test_accuracy": 0.8510279743849005,
  "test_auc": 0.9346507050741342,
  "test_logloss": 0.32308168849387786,
  "test_mpce": 0.1491776501070181,
  "test_classification_report": {
    "0": {
      "precision": 0.8288808664259928,
      "recall": 0.8484848484848485,
      "f1-score": 0.8385682980277575,
      "support": 1353.0
    },
    "1": {
      "precision": 0.870417193426043,
      "recall": 0.8531598513011153,
      "f1-score": 0.8617021276595744,
      "support": 1614.0
    },
    "accuracy": 0.8510279743849005,
    "macro avg": {
      "precision": 0.8496490299260179,
      "recall": 0.8508223498929819,
      "f1-score": 0.8501352128436659,
      "support": 2967.0
    },
    "weighted avg": {
      "precision": 0.8514759563410857,
      "recall": 0.8510279743849005,
      "f1-score": 0.8511527270893525,
      "support": 2967.0
    }
  },
  "test_confusion_matrix": [
    [
      1148,
      205
    ],
    [
      237,
      1377
    ]
  ],
  "wilcoxon_p_value": 1.0
}