{
  "kge_model_type": "convkb",
  "kge_search_type": "smart",
  "kge_embedding_dim": 12,
  "kge_metrics": {
    "train_mrr": 0.56129390001297,
    "test_mrr": 0.09351768344640732,
    "train_test_gap": 0.46777621656656265
  },
  "selection_criterion": "downstream_auc",
  "best_classifier_params": {
    "subsample": 1.0,
    "n_estimators": 100,
    "min_child_weight": 1,
    "max_depth": 10,
    "learning_rate": 0.2,
    "gamma": 0.1,
    "colsample_bytree": 0.8
  },
  "cv_results": {
    "fold_accuracies": [
      0.8632075471698113,
      0.8691840863115307,
      0.8752528658125421,
      0.8819959541469993,
      0.8745785569790965,
      0.8718813216453135,
      0.8604180714767363,
      0.877950101146325,
      0.8759271746459879,
      0.8819959541469993
    ],
    "fold_aucs": [
      0.9421513016643512,
      0.9485987989705462,
      0.949404434570291,
      0.9555699757301129,
      0.9518479209285614,
      0.9497719657142019,
      0.9463963617166362,
      0.9533042974564279,
      0.9487353629117997,
      0.954284074994684
    ],
    "fold_logloss": [
      0.30629210407277024,
      0.28927409859788616,
      0.2851509071575239,
      0.2684062459078143,
      0.2789680161287318,
      0.28522976518218895,
      0.2933745287123574,
      0.2751860989809815,
      0.2885470973983605,
      0.273689393503973
    ],
    "fold_mean_per_class_error": [
      0.13719595342818286,
      0.13220489357177945,
      0.12530795627020963,
      0.11923223568919883,
      0.12628773380846586,
      0.12864598227051754,
      0.1419403444710851,
      0.12330990665992098,
      0.12516864271940048,
      0.11767137399822558
    ],
    "mean_accuracy": 0.8732391633481342,
    "std_accuracy": 0.006869724787548157,
    "ci_accuracy": [
      0.8680590309698047,
      0.8784192957264637
    ],
    "mean_auc": 0.9500064494657613,
    "std_auc": 0.003771847680176225,
    "ci_auc": [
      0.9471622787167929,
      0.9528506202147297
    ],
    "mean_logloss": 0.2844118255642588,
    "std_logloss": 0.010425604519319056,
    "mean_mpce": 0.12769650228869864,
    "std_mpce": 0.007209873774894441
  },
  "test_accuracy": 0.8624873609706775,
  "test_auc": 0.9408551926005911,
  "test_logloss": 0.30936046181872773,
  "test_mpce": 0.13912289089095692,
  "test_classification_report": {
    "0": {
      "precision": 0.8539325842696629,
      "recall": 0.8425720620842572,
      "f1-score": 0.8482142857142857,
      "support": 1353.0
    },
    "1": {
      "precision": 0.8694852941176471,
      "recall": 0.879182156133829,
      "f1-score": 0.8743068391866913,
      "support": 1614.0
    },
    "accuracy": 0.8624873609706775,
    "macro avg": {
      "precision": 0.861708939193655,
      "recall": 0.860877109109043,
      "f1-score": 0.8612605624504885,
      "support": 2967.0
    },
    "weighted avg": {
      "precision": 0.8623930068158869,
      "recall": 0.8624873609706775,
      "f1-score": 0.8624082126790522,
      "support": 2967.0
    }
  },
  "test_confusion_matrix": [
    [
      1140,
      213
    ],
    [
      195,
      1419
    ]
  ],
  "wilcoxon_p_value": 1.0
}