{
  "kge_model_type": "convkb",
  "kge_search_type": "smart",
  "kge_embedding_dim": 12,
  "ces_applied": false,
  "ces_alpha": null,
  "kge_metrics": {
    "pre_ces": {
      "train": {
        "mrr": 0.5273894667625427,
        "hits_at_1": 0.40637321960247846,
        "hits_at_10": 0.7522330409592017
      },
      "test": {
        "mrr": 0.023198209702968597,
        "hits_at_1": 0.011103958802703573,
        "hits_at_10": 0.04200193112327003
      },
      "gap": 0.5041912570595741
    },
    "post_ces": null,
    "gap_improvement": null,
    "final_train_mrr": 0.5273894667625427,
    "final_test_mrr": 0.023198209702968597,
    "final_train_test_gap": 0.5041912570595741
  },
  "selection_criterion": "downstream_auc",
  "best_classifier_params": {
    "subsample": 1.0,
    "n_estimators": 100,
    "min_child_weight": 1,
    "max_depth": 10,
    "learning_rate": 0.2,
    "gamma": 0.1,
    "colsample_bytree": 0.8
  },
  "cv_results": {
    "fold_accuracies": [
      0.8375603864734299,
      0.8502415458937198,
      0.841183574879227,
      0.8454106280193237,
      0.8556763285024155,
      0.839975845410628,
      0.8496376811594203,
      0.857487922705314,
      0.8538647342995169,
      0.8598187311178248
    ],
    "fold_aucs": [
      0.9682258796696214,
      0.9775044659728616,
      0.9765277959509125,
      0.9644046769706682,
      0.9712205169824315,
      0.9718625092593661,
      0.9670030723380864,
      0.9760663893271602,
      0.9774398918913668,
      0.9731782166517277
    ],
    "fold_logloss": [
      0.5305766278686997,
      0.479135335017292,
      0.48425808071474896,
      0.5307605363326912,
      0.49393146659299286,
      0.48098693032729595,
      0.507312145148018,
      0.47846328110895037,
      0.476065139458814,
      0.47192278112060115
    ],
    "fold_mean_per_class_error": [
      0.21078047129865382,
      0.18097298302840656,
      0.222467594487713,
      0.23038833377517662,
      0.20300384335293561,
      0.22417119915337239,
      0.24505506962920864,
      0.20986459470014227,
      0.1760525213069843,
      0.2187307171983995
    ],
    "mean_accuracy": 0.849085737846082,
    "std_accuracy": 0.0073856858665089994,
    "ci_accuracy": [
      0.8435165437842441,
      0.8546549319079199
    ],
    "mean_auc": 0.9723433415014202,
    "std_auc": 0.004412098005559657,
    "ci_auc": [
      0.9690163884659232,
      0.9756702945369172
    ],
    "mean_logloss": 0.4933412323690104,
    "std_logloss": 0.02097074291426306,
    "mean_mpce": 0.21214873279309926,
    "std_mpce": 0.020187702833615664
  },
  "test_accuracy": 0.8460144927536232,
  "test_auc": 0.9702132882784219,
  "test_logloss": 0.5127918870823045,
  "test_mpce": 0.22717349556047947,
  "test_classification_report": {
    "0": {
      "precision": 0.9259259259259259,
      "recall": 0.5952380952380952,
      "f1-score": 0.7246376811594203,
      "support": 42.0
    },
    "1": {
      "precision": 0.9886363636363636,
      "recall": 0.7016129032258065,
      "f1-score": 0.8207547169811321,
      "support": 124.0
    },
    "2": {
      "precision": 0.8850726552179656,
      "recall": 0.8634020618556701,
      "f1-score": 0.8741030658838878,
      "support": 776.0
    },
    "3": {
      "precision": 0.9451219512195121,
      "recall": 0.8333333333333334,
      "f1-score": 0.8857142857142857,
      "support": 372.0
    },
    "4": {
      "precision": 0.8720173535791758,
      "recall": 0.7570621468926554,
      "f1-score": 0.8104838709677419,
      "support": 531.0
    },
    "5": {
      "precision": 0.772197962154294,
      "recall": 0.9473214285714285,
      "f1-score": 0.8508420208500401,
      "support": 1120.0
    },
    "6": {
      "precision": 0.8916967509025271,
      "recall": 0.7118155619596542,
      "f1-score": 0.7916666666666666,
      "support": 347.0
    },
    "accuracy": 0.8460144927536232,
    "macro avg": {
      "precision": 0.8972384232336807,
      "recall": 0.7728265044395205,
      "f1-score": 0.8226003297461678,
      "support": 3312.0
    },
    "weighted avg": {
      "precision": 0.8566434931186975,
      "recall": 0.8460144927536232,
      "f1-score": 0.8448117128910678,
      "support": 3312.0
    }
  },
  "test_confusion_matrix": [
    [
      25,
      0,
      4,
      1,
      1,
      11,
      0
    ],
    [
      0,
      87,
      11,
      0,
      6,
      18,
      2
    ],
    [
      0,
      1,
      670,
      6,
      14,
      75,
      10
    ],
    [
      1,
      0,
      5,
      310,
      8,
      42,
      6
    ],
    [
      1,
      0,
      21,
      1,
      402,
      101,
      5
    ],
    [
      0,
      0,
      24,
      6,
      22,
      1061,
      7
    ],
    [
      0,
      0,
      22,
      4,
      8,
      66,
      247
    ]
  ],
  "wilcoxon_p_value": 0.125
}