{
  "kge_model_type": "convkb",
  "kge_embedding_dim": 64,
  "kge_metrics": {
    "mrr": 0.0015497170388698578,
    "hits_at_1": 0,
    "hits_at_3": 0,
    "hits_at_10": 0
  },
  "kge_config": {
    "embedding_dim": 192,
    "learning_rate": 0.0003,
    "num_epochs": 200,
    "batch_size": 64,
    "num_filters": 32,
    "hidden_dropout_rate": 0.3,
    "regularizer_weight": 1e-05,
    "model_name": "ConvKB",
    "model_type": "convkb",
    "num_entities": 8464,
    "num_relations": 2320,
    "training_triples": 11877,
    "testing_triples": 13973,
    "train_evaluation": {
      "mrr": 0.8357133865356445,
      "hits_at_1": 0.776963879767618,
      "hits_at_10": 0.9475877746905784
    },
    "val_evaluation": {
      "mrr": 0.1357193887233734,
      "hits_at_1": 0.09255725190839695,
      "hits_at_10": 0.21946564885496184
    },
    "train_test_gap": 0.8341636694967747,
    "val_test_gap": 0.13416967168450356,
    "mrr_score": 0.0015497170388698578,
    "actual_epochs": 200,
    "early_stopped": false
  },
  "selection_criterion": "downstream_auc",
  "best_classifier_params": {
    "subsample": 0.8,
    "n_estimators": 200,
    "max_depth": 7,
    "learning_rate": 0.1,
    "colsample_bytree": 1.0
  },
  "cv_results": {
    "mean_accuracy": 0.7938104901370974,
    "std_accuracy": 0.007347986433759355,
    "ci_accuracy": [
      0.7882697234225362,
      0.7993512568516585
    ],
    "variance_accuracy": 5.399290463071152e-05,
    "mean_auc": 0.9105075112076577,
    "std_auc": 0.006628534749334842,
    "ci_auc": [
      0.9055092487535127,
      0.9155057736618027
    ],
    "mean_logloss": 0.3447964626619936,
    "std_logloss": 0.015515309903361156,
    "ci_logloss": [
      0.33309710618473043,
      0.35649581913925676
    ],
    "mean_mpce": 0.20046488370340235,
    "std_mpce": 0.013048486224937192,
    "ci_mpce": [
      0.19062564151068745,
      0.21030412589611724
    ],
    "fold_accuracies": [
      0.7904312668463612,
      0.8051247471341875,
      0.8010788941335132,
      0.7889413351314902,
      0.7983816587997303,
      0.7896156439649359,
      0.7815239379635873,
      0.7956844234659474,
      0.8017532029669588,
      0.7855697909642616
    ],
    "fold_aucs": [
      0.9134621544498929,
      0.9215068960207651,
      0.9184255002456317,
      0.9017463686823138,
      0.9164421152196389,
      0.9081007163649428,
      0.9029873591283372,
      0.9058588680407382,
      0.9128025487047506,
      0.9037425852195655
    ],
    "fold_logloss": [
      0.33806327545346004,
      0.32252720536282076,
      0.3251151161544274,
      0.36174176944672504,
      0.32571879378039753,
      0.35327732182365584,
      0.35774769611916624,
      0.36210327486928656,
      0.34045671075297385,
      0.36121346285702277
    ],
    "fold_mean_per_class_error": [
      0.2192201179121388,
      0.18530168716042317,
      0.19118035238996062,
      0.20209263617899592,
      0.19245800429672322,
      0.2011128586407397,
      0.22823867344170462,
      0.1948162527587749,
      0.18779924917328406,
      0.20242900508127842
    ],
    "cv_scores": [
      0.7904312668463612,
      0.8051247471341875,
      0.8010788941335132,
      0.7889413351314902,
      0.7983816587997303,
      0.7896156439649359,
      0.7815239379635873,
      0.7956844234659474,
      0.8017532029669588,
      0.7855697909642616
    ]
  },
  "test_accuracy": 0.7957532861476239,
  "test_auc": 0.9104754590972743,
  "test_logloss": 0.3545506252622305,
  "test_mpce": 0.19520231785623027,
  "test_classification_report": {
    "0": {
      "precision": 0.7185488589818607,
      "recall": 0.9076127124907613,
      "f1-score": 0.8020901371652515,
      "support": 1353.0
    },
    "1": {
      "precision": 0.9006359300476947,
      "recall": 0.7019826517967782,
      "f1-score": 0.7889972144846796,
      "support": 1614.0
    },
    "accuracy": 0.7957532861476239,
    "macro avg": {
      "precision": 0.8095923945147777,
      "recall": 0.8047976821437697,
      "f1-score": 0.7955436758249655,
      "support": 2967.0
    },
    "weighted avg": {
      "precision": 0.8176012798447714,
      "recall": 0.7957532861476239,
      "f1-score": 0.7949677990437676,
      "support": 2967.0
    }
  },
  "test_confusion_matrix": [
    [
      1228,
      125
    ],
    [
      481,
      1133
    ]
  ],
  "wilcoxon_p_value": 0.3125
}