{
  "kge_model_type": "convkb",
  "kge_search_type": "smart",
  "kge_embedding_dim": 24,
  "kge_metrics": {
    "train_mrr": 0.7356295585632324,
    "test_mrr": 0.11651495844125748,
    "train_test_gap": 0.619114600121975
  },
  "selection_criterion": "downstream_auc",
  "best_classifier_params": {
    "subsample": 1.0,
    "n_estimators": 100,
    "min_child_weight": 1,
    "max_depth": 10,
    "learning_rate": 0.2,
    "gamma": 0.1,
    "colsample_bytree": 0.8
  },
  "cv_results": {
    "fold_accuracies": [
      0.8706199460916442,
      0.8772757923128793,
      0.8745785569790965,
      0.8691840863115307,
      0.8658125421443021,
      0.8766014834794336,
      0.8631153068105192,
      0.8759271746459879,
      0.8732299393122049,
      0.8772757923128793
    ],
    "fold_aucs": [
      0.9416058527763898,
      0.9533207951137606,
      0.9517122735238263,
      0.9479847195031638,
      0.9528579441719275,
      0.9504520358109149,
      0.9487353629117998,
      0.9529101867534809,
      0.9452598564337198,
      0.9544508846410478
    ],
    "fold_logloss": [
      0.309538661807269,
      0.27461924737181737,
      0.28082121543185223,
      0.28968650434916265,
      0.2746387587354773,
      0.2826306003086022,
      0.28622834904741845,
      0.2747055873583605,
      0.3012211682722092,
      0.2717119846655854
    ],
    "fold_mean_per_class_error": [
      0.13038058787675788,
      0.12308902135896704,
      0.1280887280672811,
      0.13256509242354247,
      0.13506265443640336,
      0.1241888651811443,
      0.13814130060198115,
      0.12480844386763745,
      0.12824728888497833,
      0.12332915392680904
    ],
    "mean_accuracy": 0.8723620620400478,
    "std_accuracy": 0.004755748774322542,
    "ci_accuracy": [
      0.8687759783218584,
      0.8759481457582373
    ],
    "mean_auc": 0.9499289911640032,
    "std_auc": 0.0038620229367353816,
    "ci_auc": [
      0.9470168235475223,
      0.9528411587804841
    ],
    "mean_logloss": 0.28458020773477544,
    "std_logloss": 0.011864737909208868,
    "mean_mpce": 0.12879011366255022,
    "std_mpce": 0.004936657319816269
  },
  "test_accuracy": 0.8641725648803505,
  "test_auc": 0.9414701919915448,
  "test_logloss": 0.31138395996131685,
  "test_mpce": 0.1365580274592878,
  "test_classification_report": {
    "0": {
      "precision": 0.8482404692082112,
      "recall": 0.8551367331855136,
      "f1-score": 0.8516746411483254,
      "support": 1353.0
    },
    "1": {
      "precision": 0.8777292576419214,
      "recall": 0.8717472118959108,
      "f1-score": 0.8747280074603668,
      "support": 1614.0
    },
    "accuracy": 0.8641725648803505,
    "macro avg": {
      "precision": 0.8629848634250663,
      "recall": 0.8634419725407122,
      "f1-score": 0.8632013243043462,
      "support": 2967.0
    },
    "weighted avg": {
      "precision": 0.8642818930477826,
      "recall": 0.8641725648803505,
      "f1-score": 0.8642152994656946,
      "support": 2967.0
    }
  },
  "test_confusion_matrix": [
    [
      1157,
      196
    ],
    [
      207,
      1407
    ]
  ],
  "wilcoxon_p_value": 0.625
}