{
  "kge_model_type": "convkb",
  "kge_search_type": "smart",
  "kge_embedding_dim": 8,
  "kge_metrics": {
    "train_mrr": 0.11336793005466461,
    "test_mrr": 0.07871531695127487,
    "train_test_gap": 0.03465261310338974
  },
  "selection_criterion": "downstream_auc",
  "best_classifier_params": {
    "subsample": 1.0,
    "n_estimators": 100,
    "min_child_weight": 1,
    "max_depth": 10,
    "learning_rate": 0.2,
    "gamma": 0.1,
    "colsample_bytree": 0.8
  },
  "cv_results": {
    "fold_accuracies": [
      0.8342318059299192,
      0.851652056641942,
      0.8509777478084963,
      0.8354686446392448,
      0.842211732973702,
      0.8476062036412677,
      0.8293998651382333,
      0.8482805124747134,
      0.8408631153068106,
      0.8401888064733648
    ],
    "fold_aucs": [
      0.9211515194778335,
      0.9352888556491645,
      0.9349579859659929,
      0.9323944333238012,
      0.9282837670384139,
      0.9359982549144689,
      0.9207241738339822,
      0.9314174053951005,
      0.9273782289581546,
      0.929535755922659
    ],
    "fold_logloss": [
      0.35346465978778774,
      0.3219808325156798,
      0.321460458468495,
      0.3253634334405286,
      0.3347817430306756,
      0.3227554050349441,
      0.3482702687484724,
      0.3297292081593517,
      0.33943359824243424,
      0.33351751302386234
    ],
    "fold_mean_per_class_error": [
      0.16669320696490636,
      0.14891427084020736,
      0.15037431351414765,
      0.165465087290938,
      0.15986963184561126,
      0.1540725383662187,
      0.1720018257407448,
      0.1527325619761994,
      0.15894759610801934,
      0.15956717479451255
    ],
    "mean_accuracy": 0.8420880491027694,
    "std_accuracy": 0.007148031778342388,
    "ci_accuracy": [
      0.8366980586735407,
      0.847478039531998
    ],
    "mean_auc": 0.929713038047957,
    "std_auc": 0.0051944468277536565,
    "ci_auc": [
      0.9257961530151344,
      0.9336299230807796
    ],
    "mean_logloss": 0.33307571204522324,
    "std_logloss": 0.010608061669927242,
    "mean_mpce": 0.15886382074415054,
    "std_mpce": 0.007145701941122305
  },
  "test_accuracy": 0.837546343107516,
  "test_auc": 0.9228102495624483,
  "test_logloss": 0.3514183388908792,
  "test_mpce": 0.1627644199726891,
  "test_classification_report": {
    "0": {
      "precision": 0.8144404332129964,
      "recall": 0.8337028824833703,
      "f1-score": 0.8239590942293645,
      "support": 1353.0
    },
    "1": {
      "precision": 0.8577749683944375,
      "recall": 0.8407682775712515,
      "f1-score": 0.8491864831038799,
      "support": 1614.0
    },
    "accuracy": 0.837546343107516,
    "macro avg": {
      "precision": 0.836107700803717,
      "recall": 0.8372355800273109,
      "f1-score": 0.8365727886666222,
      "support": 2967.0
    },
    "weighted avg": {
      "precision": 0.8380137192874305,
      "recall": 0.837546343107516,
      "f1-score": 0.8376823856494748,
      "support": 2967.0
    }
  },
  "test_confusion_matrix": [
    [
      1128,
      225
    ],
    [
      257,
      1357
    ]
  ],
  "wilcoxon_p_value": 1.0
}