{
  "topic_characteristics": {
    "0": {
      "vocab_size": 30,
      "vocab_entropy": 4.906890595608519,
      "avg_overlap": 0.08100583483005054,
      "max_overlap": 0.15384615384615385,
      "noise_ratio": 0.43333333333333335,
      "snr": 1.3076923076923077
    },
    "1": {
      "vocab_size": 30,
      "vocab_entropy": 4.906890595608519,
      "avg_overlap": 0.024806317371453175,
      "max_overlap": 0.05263157894736842,
      "noise_ratio": 0.8,
      "snr": 0.25
    },
    "2": {
      "vocab_size": 30,
      "vocab_entropy": 4.906890595608519,
      "avg_overlap": 0.07229295632507052,
      "max_overlap": 0.1111111111111111,
      "noise_ratio": 0.5333333333333333,
      "snr": 0.875
    },
    "3": {
      "vocab_size": 30,
      "vocab_entropy": 4.906890595608519,
      "avg_overlap": 0.054694167251096326,
      "max_overlap": 0.1320754716981132,
      "noise_ratio": 0.6,
      "snr": 0.6666666666666666
    },
    "4": {
      "vocab_size": 30,
      "vocab_entropy": 4.906890595608519,
      "avg_overlap": 0.08075024673724814,
      "max_overlap": 0.1111111111111111,
      "noise_ratio": 0.5666666666666667,
      "snr": 0.7647058823529411
    },
    "5": {
      "vocab_size": 30,
      "vocab_entropy": 4.906890595608519,
      "avg_overlap": 0.06634589159867875,
      "max_overlap": 0.09090909090909091,
      "noise_ratio": 0.43333333333333335,
      "snr": 1.3076923076923077
    },
    "6": {
      "vocab_size": 30,
      "vocab_entropy": 4.906890595608519,
      "avg_overlap": 0.08725747287944327,
      "max_overlap": 0.15384615384615385,
      "noise_ratio": 0.36666666666666664,
      "snr": 1.7272727272727273
    },
    "7": {
      "vocab_size": 30,
      "vocab_entropy": 4.906890595608519,
      "avg_overlap": 0.0461182121052135,
      "max_overlap": 0.09090909090909091,
      "noise_ratio": 0.6666666666666666,
      "snr": 0.5
    }
  },
  "overlap_analysis": {
    "n_topics": 8,
    "mean_overlap": 0.06415888738728177,
    "std_overlap": 0.0405602572529187,
    "max_overlap": 0.15384615384615385,
    "min_overlap": 0.0,
    "high_overlap_pairs": [
      {
        "topic1": 0,
        "topic2": 4,
        "overlap": 0.1111111111111111
      },
      {
        "topic1": 0,
        "topic2": 6,
        "overlap": 0.15384615384615385
      },
      {
        "topic1": 2,
        "topic2": 4,
        "overlap": 0.1111111111111111
      },
      {
        "topic1": 3,
        "topic2": 6,
        "overlap": 0.1320754716981132
      },
      {
        "topic1": 4,
        "topic2": 6,
        "overlap": 0.1111111111111111
      }
    ],
    "overlap_matrix": [
      [
        0.0,
        0.05263157894736842,
        0.05263157894736842,
        0.034482758620689655,
        0.1111111111111111,
        0.07142857142857142,
        0.15384615384615385,
        0.09090909090909091
      ],
      [
        0.05263157894736842,
        0.0,
        0.01694915254237288,
        0.0,
        0.01694915254237288,
        0.05263157894736842,
        0.034482758620689655,
        0.0
      ],
      [
        0.05263157894736842,
        0.01694915254237288,
        0.0,
        0.09090909090909091,
        0.1111111111111111,
        0.09090909090909091,
        0.09090909090909091,
        0.05263157894736842
      ],
      [
        0.034482758620689655,
        0.0,
        0.09090909090909091,
        0.0,
        0.09090909090909091,
        0.034482758620689655,
        0.1320754716981132,
        0.0
      ],
      [
        0.1111111111111111,
        0.01694915254237288,
        0.1111111111111111,
        0.09090909090909091,
        0.0,
        0.05263157894736842,
        0.1111111111111111,
        0.07142857142857142
      ],
      [
        0.07142857142857142,
        0.05263157894736842,
        0.09090909090909091,
        0.034482758620689655,
        0.05263157894736842,
        0.0,
        0.07142857142857142,
        0.09090909090909091
      ],
      [
        0.15384615384615385,
        0.034482758620689655,
        0.09090909090909091,
        0.1320754716981132,
        0.1111111111111111,
        0.07142857142857142,
        0.0,
        0.01694915254237288
      ],
      [
        0.09090909090909091,
        0.0,
        0.05263157894736842,
        0.0,
        0.07142857142857142,
        0.09090909090909091,
        0.01694915254237288,
        0.0
      ]
    ]
  },
  "n_topics": 8,
  "n_clusters": 44,
  "assumptions": {
    "coherence_normality": {
      "test": "Shapiro-Wilk",
      "statistic": 1.0,
      "p_value": 1.0,
      "is_normal": true,
      "interpretation": "Normal"
    },
    "relevance_normality": {
      "test": "Shapiro-Wilk",
      "statistic": 0.7868672193809914,
      "p_value": 1.5303586515569939e-06,
      "is_normal": false,
      "interpretation": "Non-normal"
    },
    "coverage_normality": {
      "test": "Shapiro-Wilk",
      "statistic": 0.6094502951053783,
      "p_value": 1.3526735369126446e-09,
      "is_normal": false,
      "interpretation": "Non-normal"
    },
    "coherence_homogeneity": {
      "test": "Levene",
      "statistic": NaN,
      "p_value": NaN,
      "homogeneous": false,
      "interpretation": "Heterogeneous"
    },
    "relevance_homogeneity": {
      "test": "Levene",
      "statistic": 0.23436227209812116,
      "p_value": 0.9740046320913882,
      "homogeneous": true,
      "interpretation": "Homogeneous"
    },
    "coverage_homogeneity": {
      "test": "Levene",
      "statistic": 0.5369770294851727,
      "p_value": 0.8006356520832839,
      "homogeneous": true,
      "interpretation": "Homogeneous"
    },
    "recommendation": "⚠️ Use non-parametric tests + report both"
  },
  "correlations": {
    "topic_vocab_entropy_vs_coherence": {
      "n_samples": 44,
      "parametric": {
        "test": "Pearson",
        "r": NaN,
        "p_value": NaN,
        "significant": false
      },
      "non_parametric": {
        "test": "Spearman",
        "rho": NaN,
        "p_value": NaN,
        "significant": false
      },
      "interpretation": "Moderate positive"
    },
    "topic_vocab_entropy_vs_relevance": {
      "n_samples": 44,
      "parametric": {
        "test": "Pearson",
        "r": NaN,
        "p_value": NaN,
        "significant": false
      },
      "non_parametric": {
        "test": "Spearman",
        "rho": NaN,
        "p_value": NaN,
        "significant": false
      },
      "interpretation": "Moderate positive"
    },
    "topic_vocab_entropy_vs_coverage": {
      "n_samples": 44,
      "parametric": {
        "test": "Pearson",
        "r": NaN,
        "p_value": NaN,
        "significant": false
      },
      "non_parametric": {
        "test": "Spearman",
        "rho": NaN,
        "p_value": NaN,
        "significant": false
      },
      "interpretation": "Moderate positive"
    },
    "topic_vocab_entropy_vs_quality_score": {
      "n_samples": 44,
      "parametric": {
        "test": "Pearson",
        "r": NaN,
        "p_value": NaN,
        "significant": false
      },
      "non_parametric": {
        "test": "Spearman",
        "rho": NaN,
        "p_value": NaN,
        "significant": false
      },
      "interpretation": "Moderate positive"
    },
    "topic_noise_ratio_vs_coherence": {
      "n_samples": 44,
      "parametric": {
        "test": "Pearson",
        "r": NaN,
        "p_value": NaN,
        "significant": false
      },
      "non_parametric": {
        "test": "Spearman",
        "rho": NaN,
        "p_value": NaN,
        "significant": false
      },
      "interpretation": "Moderate positive"
    },
    "topic_noise_ratio_vs_relevance": {
      "n_samples": 44,
      "parametric": {
        "test": "Pearson",
        "r": -0.1319638747882513,
        "p_value": 0.3931644381792747,
        "significant": false
      },
      "non_parametric": {
        "test": "Spearman",
        "rho": -0.1917981530316612,
        "p_value": 0.21231054742096253,