{
  "kge_model_type": "transe",
  "kge_search_type": "smart",
  "kge_embedding_dim": 16,
  "ces_applied": false,
  "ces_alpha": null,
  "kge_metrics": {
    "pre_ces": {
      "train": {
        "mrr": 0.5020604729652405,
        "hits_at_1": 0.3591429593845053,
        "hits_at_10": 0.7389515118983718
      },
      "test": {
        "mrr": 0.1332634687423706,
        "hits_at_1": 0.08604651162790698,
        "hits_at_10": 0.21627906976744185
      },
      "gap": 0.3687970042228699
    },
    "post_ces": null,
    "gap_improvement": null,
    "final_train_mrr": 0.5020604729652405,
    "final_test_mrr": 0.1332634687423706,
    "final_train_test_gap": 0.3687970042228699
  },
  "selection_criterion": "downstream_auc",
  "best_classifier_params": {
    "subsample": 1.0,
    "n_estimators": 100,
    "min_child_weight": 1,
    "max_depth": 10,
    "learning_rate": 0.2,
    "gamma": 0.1,
    "colsample_bytree": 0.8
  },
  "cv_results": {
    "fold_accuracies": [
      0.8881401617250674,
      0.9170600134861767,
      0.9076196898179366,
      0.9008766014834795,
      0.9002022926500337,
      0.9015509103169251,
      0.904248145650708,
      0.9002022926500337,
      0.9028995279838166,
      0.9035738368172623
    ],
    "fold_aucs": [
      0.9615367015717348,
      0.9720236393098848,
      0.9674638701304413,
      0.9692685305353307,
      0.9694160929148061,
      0.9639562848742146,
      0.9672182383434885,
      0.9675106134928839,
      0.9680871149630086,
      0.9672054068322299
    ],
    "fold_logloss": [
      0.2531552666090147,
      0.2116834813518998,
      0.23276348552162002,
      0.22511359151082236,
      0.22450538586359017,
      0.24633425979686763,
      0.23235156848442035,
      0.2310994741299242,
      0.22854383667662878,
      0.23157337623169535
    ],
    "fold_mean_per_class_error": [
      0.1121300145147976,
      0.0835322217578437,
      0.09352705249187948,
      0.0998429056407324,
      0.10058255061114657,
      0.10006379094168633,
      0.09650487964042442,
      0.10142301459859365,
      0.09750390444556872,
      0.09580372920378638
    ],
    "mean_accuracy": 0.902637347258144,
    "std_accuracy": 0.006802098224641741,
    "ci_accuracy": [
      0.8975082088510405,
      0.9077664856652475
    ],
    "mean_auc": 0.9673686492968023,
    "std_auc": 0.002751745566772823,
    "ci_auc": [
      0.9652936889820599,
      0.9694436096115447
    ],
    "mean_logloss": 0.2317123726176483,
    "std_logloss": 0.010872839266562505,
    "mean_mpce": 0.09809140638464593,
    "std_mpce": 0.006798859150941844
  },
  "test_accuracy": 0.8938321536905965,
  "test_auc": 0.9616658011798098,
  "test_logloss": 0.2528600868696995,
  "test_mpce": 0.10684641317518273,
  "test_classification_report": {
    "0": {
      "precision": 0.882179675994109,
      "recall": 0.885439763488544,
      "f1-score": 0.883806713389893,
      "support": 1353.0
    },
    "1": {
      "precision": 0.9036668738346799,
      "recall": 0.9008674101610905,
      "f1-score": 0.9022649705243562,
      "support": 1614.0
    },
    "accuracy": 0.8938321536905965,
    "macro avg": {
      "precision": 0.8929232749143945,
      "recall": 0.8931535868248173,
      "f1-score": 0.8930358419571246,
      "support": 2967.0
    },
    "weighted avg": {
      "precision": 0.8938683640004054,
      "recall": 0.8938321536905965,
      "f1-score": 0.8938477066541409,
      "support": 2967.0
    }
  },
  "test_confusion_matrix": [
    [
      1198,
      155
    ],
    [
      160,
      1454
    ]
  ],
  "wilcoxon_p_value": 1.0
}