{
  "kge_model_type": "transe",
  "kge_search_type": "smart",
  "kge_embedding_dim": 32,
  "ces_applied": false,
  "ces_alpha": null,
  "kge_metrics": {
    "pre_ces": {
      "train": {
        "mrr": 0.662203848361969,
        "hits_at_1": 0.5416890320271963,
        "hits_at_10": 0.830873143675076
      },
      "test": {
        "mrr": 0.1736566424369812,
        "hits_at_1": 0.1366726296958855,
        "hits_at_10": 0.2364937388193202
      },
      "gap": 0.4885472059249878
    },
    "post_ces": null,
    "gap_improvement": null,
    "final_train_mrr": 0.662203848361969,
    "final_test_mrr": 0.1736566424369812,
    "final_train_test_gap": 0.4885472059249878
  },
  "selection_criterion": "downstream_auc",
  "best_classifier_params": {
    "subsample": 1.0,
    "n_estimators": 100,
    "min_child_weight": 1,
    "max_depth": 10,
    "learning_rate": 0.2,
    "gamma": 0.1,
    "colsample_bytree": 0.8
  },
  "cv_results": {
    "fold_accuracies": [
      0.8908355795148248,
      0.9109912339851652,
      0.8975050573162509,
      0.9082939986513824,
      0.9049224544841538,
      0.916385704652731,
      0.9035738368172623,
      0.8975050573162509,
      0.904248145650708,
      0.8981793661496965
    ],
    "fold_aucs": [
      0.9592853521348468,
      0.9693601841871787,
      0.9646079423388546,
      0.9718220012758189,
      0.967291561264967,
      0.9698532808341216,
      0.9649397285585446,
      0.9674042952567402,
      0.9657627783521406,
      0.9672677313154866
    ],
    "fold_logloss": [
      0.26163851653271597,
      0.2234685077671734,
      0.24403067909761383,
      0.2148075281790529,
      0.23135932529926162,
      0.2214469996126123,
      0.24010281983118445,
      0.23029509435851403,
      0.23750231870724284,
      0.23361346257269253
    ],
    "fold_mean_per_class_error": [
      0.10893785726444571,
      0.08910842993628237,
      0.10354113049280339,
      0.0927874075214653,
      0.09528496953432614,
      0.08427186672825793,
      0.09736459089475963,
      0.10306086535711928,
      0.09626474707258237,
      0.10148075639925802
    ],
    "mean_accuracy": 0.9032440434538426,
    "std_accuracy": 0.007124964375062479,
    "ci_accuracy": [
      0.8978714470551333,
      0.9086166398525518
    ],
    "mean_auc": 0.9667594855518699,
    "std_auc": 0.0032820453266414504,
    "ci_auc": [
      0.9642846514370452,
      0.9692343196666945
    ],
    "mean_logloss": 0.2338265251958064,
    "std_logloss": 0.012535556837549967,
    "mean_mpce": 0.09721026212013001,
    "std_mpce": 0.006980766665024498
  },
  "test_accuracy": 0.8884395011796428,
  "test_auc": 0.9599311640294504,
  "test_logloss": 0.2597180686164323,
  "test_mpce": 0.11228112112145117,
  "test_classification_report": {
    "0": {
      "precision": 0.8762886597938144,
      "recall": 0.8795269770879527,
      "f1-score": 0.8779048321652527,
      "support": 1353.0
    },
    "1": {
      "precision": 0.8986948415164698,
      "recall": 0.895910780669145,
      "f1-score": 0.8973006515668631,
      "support": 1614.0
    },
    "accuracy": 0.8884395011796428,
    "macro avg": {
      "precision": 0.8874917506551421,
      "recall": 0.8877188788785488,
      "f1-score": 0.8876027418660579,
      "support": 2967.0
    },
    "weighted avg": {
      "precision": 0.8884772601646825,
      "recall": 0.8884395011796428,
      "f1-score": 0.8884558441349862,
      "support": 2967.0
    }
  },
  "test_confusion_matrix": [
    [
      1190,
      163
    ],
    [
      168,
      1446
    ]
  ],
  "wilcoxon_p_value": 0.7150006546880893
}