{
  "kge_model_type": "complex",
  "kge_search_type": "smart",
  "kge_embedding_dim": 12,
  "kge_metrics": {
    "train_mrr": 0.4785426259040832,
    "test_mrr": 0.10917669534683226,
    "train_test_gap": 0.3693659305572509
  },
  "selection_criterion": "downstream_auc",
  "best_classifier_params": {
    "subsample": 1.0,
    "n_estimators": 100,
    "min_child_weight": 1,
    "max_depth": 10,
    "learning_rate": 0.2,
    "gamma": 0.1,
    "colsample_bytree": 0.8
  },
  "cv_results": {
    "fold_accuracies": [
      0.8787061994609164,
      0.8799730276466622,
      0.8759271746459879,
      0.8759271746459879,
      0.8691840863115307,
      0.877950101146325,
      0.8732299393122049,
      0.8759271746459879,
      0.8759271746459879,
      0.8752528658125421
    ],
    "fold_aucs": [
      0.9444886782748441,
      0.9515078858802051,
      0.9527809551043751,
      0.9550053892347287,
      0.9485172272204013,
      0.9550677137179853,
      0.9450325553771364,
      0.9532474721922819,
      0.9492889509689625,
      0.9501010023243366
    ],
    "fold_logloss": [
      0.3012015869010839,
      0.28059251030272214,
      0.27617848348292556,
      0.2693603054886409,
      0.28798373449022413,
      0.2709948092945593,
      0.29861767938304123,
      0.2749962862453904,
      0.28855366023282947,
      0.2845443443851495
    ],
    "fold_mean_per_class_error": [
      0.12199385363300075,
      0.1207307728969153,
      0.12516864271940048,
      0.1250485764354795,
      0.13208482728785848,
      0.123670105511684,
      0.12836735516889936,
      0.12384791359626929,
      0.1250485764354795,
      0.1242273597149205
    ],
    "mean_accuracy": 0.8758004918274134,
    "std_accuracy": 0.002849958996557027,
    "ci_accuracy": [
      0.873651473441446,
      0.8779495102133807
    ],
    "mean_auc": 0.9505037830295257,
    "std_auc": 0.0035569053630860213,
    "ci_auc": [
      0.9478216900479592,
      0.9531858760110921
    ],
    "mean_logloss": 0.2833023400206567,
    "std_logloss": 0.010387086836630954,
    "mean_mpce": 0.12501879833999072,
    "std_mpce": 0.003041703403403851
  },
  "test_accuracy": 0.8638355240984159,
  "test_auc": 0.9427881132478105,
  "test_logloss": 0.3066779926902025,
  "test_mpce": 0.1369873364161151,
  "test_classification_report": {
    "0": {
      "precision": 0.8486407053637032,
      "recall": 0.8536585365853658,
      "f1-score": 0.8511422254974208,
      "support": 1353.0
    },
    "1": {
      "precision": 0.8767123287671232,
      "recall": 0.872366790582404,
      "f1-score": 0.8745341614906832,
      "support": 1614.0
    },
    "accuracy": 0.8638355240984159,
    "macro avg": {
      "precision": 0.8626765170654132,
      "recall": 0.8630126635838848,
      "f1-score": 0.862838193494052,
      "support": 2967.0
    },
    "weighted avg": {
      "precision": 0.8639112143536325,
      "recall": 0.8638355240984159,
      "f1-score": 0.8638670602440084,
      "support": 2967.0
    }
  },
  "test_confusion_matrix": [
    [
      1155,
      198
    ],
    [
      206,
      1408
    ]
  ],
  "wilcoxon_p_value": 0.5929800980174267
}