{
  "kge_model_type": "complex",
  "kge_search_type": "smart",
  "kge_embedding_dim": 24,
  "kge_metrics": {
    "train_mrr": 0.628576934337616,
    "test_mrr": 0.12055761367082596,
    "train_test_gap": 0.50801932066679
  },
  "selection_criterion": "downstream_auc",
  "best_classifier_params": {
    "subsample": 1.0,
    "n_estimators": 100,
    "min_child_weight": 1,
    "max_depth": 10,
    "learning_rate": 0.2,
    "gamma": 0.1,
    "colsample_bytree": 0.8
  },
  "cv_results": {
    "fold_accuracies": [
      0.866576819407008,
      0.894807821982468,
      0.8813216453135536,
      0.8880647336480108,
      0.8745785569790965,
      0.8914362778152394,
      0.8712070128118679,
      0.8772757923128793,
      0.890087660148348,
      0.8772757923128793
    ],
    "fold_aucs": [
      0.9445545714290944,
      0.9603927908903601,
      0.9553765865247135,
      0.9583122529934083,
      0.9533272108693899,
      0.9615018000777222,
      0.9500185140376732,
      0.9542483300704634,
      0.9566102446785889,
      0.9513566573546556
    ],
    "fold_logloss": [
      0.3064164922878399,
      0.25445934935285763,
      0.27166366403164455,
      0.26105746013655967,
      0.27911432320229224,
      0.25190876690527403,
      0.2869709177641018,
      0.27293658462855946,
      0.26863260526015414,
      0.2847510969307069
    ],
    "fold_mean_per_class_error": [
      0.13302729623914822,
      0.10565924638701302,
      0.12069227836313912,
      0.11293562980723404,
      0.12628773380846586,
      0.10935747123908407,
      0.1301060249444579,
      0.12416961791425618,
      0.11023642976030734,
      0.12248868993936196
    ],
    "mean_accuracy": 0.881263211273135,
    "std_accuracy": 0.008968743712134805,
    "ci_accuracy": [
      0.8745003086630655,
      0.8880261138832045
    ],
    "mean_auc": 0.9545698958926068,
    "std_auc": 0.004834984848438619,
    "ci_auc": [
      0.9509240640235446,
      0.958215727761669
    ],
    "mean_logloss": 0.27379112604999906,
    "std_logloss": 0.015598547924182688,
    "mean_mpce": 0.11949604184024679,
    "std_mpce": 0.008927764831228747
  },
  "test_accuracy": 0.8675429726996967,
  "test_auc": 0.9461140555981429,
  "test_logloss": 0.3017332818804643,
  "test_mpce": 0.13399797228793509,
  "test_classification_report": {
    "0": {
      "precision": 0.8592814371257484,
      "recall": 0.8484848484848485,
      "f1-score": 0.8538490145035329,
      "support": 1353.0
    },
    "1": {
      "precision": 0.874310239117106,
      "recall": 0.8835192069392813,
      "f1-score": 0.8788906009244992,
      "support": 1614.0
    },
    "accuracy": 0.8675429726996967,
    "macro avg": {
      "precision": 0.8667958381214272,
      "recall": 0.8660020277120649,
      "f1-score": 0.8663698077140161,
      "support": 2967.0
    },
    "weighted avg": {
      "precision": 0.8674568622737265,
      "recall": 0.8675429726996967,
      "f1-score": 0.8674712323948168,
      "support": 2967.0
    }
  },
  "test_confusion_matrix": [
    [
      1148,
      205
    ],
    [
      188,
      1426
    ]
  ],
  "wilcoxon_p_value": 1.0
}