{
  "kge_model_type": "transe",
  "kge_search_type": "smart",
  "kge_embedding_dim": 32,
  "ces_applied": false,
  "ces_alpha": null,
  "kge_metrics": {
    "pre_ces": {
      "train": {
        "mrr": 0.7873156070709227,
        "hits_at_1": 0.6717659688674181,
        "hits_at_10": 0.9397477187332259
      },
      "test": {
        "mrr": 0.4316464960575104,
        "hits_at_1": 0.3843884120171674,
        "hits_at_10": 0.5238733905579399
      },
      "gap": 0.35566911101341236
    },
    "post_ces": null,
    "gap_improvement": null,
    "final_train_mrr": 0.7873156070709227,
    "final_test_mrr": 0.4316464960575104,
    "final_train_test_gap": 0.35566911101341236
  },
  "selection_criterion": "downstream_auc",
  "best_classifier_params": {
    "subsample": 1.0,
    "n_estimators": 100,
    "min_child_weight": 1,
    "max_depth": 10,
    "learning_rate": 0.2,
    "gamma": 0.1,
    "colsample_bytree": 0.8
  },
  "cv_results": {
    "fold_accuracies": [
      0.8827655310621243,
      0.8827655310621243,
      0.8767535070140281,
      0.8967935871743486,
      0.8767535070140281,
      0.872745490981964,
      0.8857715430861723,
      0.8807615230460922,
      0.8756268806419257,
      0.8956870611835507
    ],
    "fold_aucs": [
      0.983971286912519,
      0.9834351776813282,
      0.9813049356528257,
      0.9873385684662216,
      0.9863523869010733,
      0.979118332273249,
      0.9885687125600349,
      0.9865602140224232,
      0.9852246085297343,
      0.9855524647722542
    ],
    "fold_logloss": [
      0.4060664988248908,
      0.40393581050722793,
      0.440982616155921,
      0.35699436222332903,
      0.3986162883966234,
      0.43969319827847597,
      0.3631892930435685,
      0.3891967472387729,
      0.3867402873184623,
      0.37330955270530575
    ],
    "fold_mean_per_class_error": [
      0.14695473998857003,
      0.1404968662336778,
      0.13924657347371933,
      0.13232289564322397,
      0.13614930678620263,
      0.15414685538168812,
      0.13279946184582658,
      0.13288980303565678,
      0.14655922809573213,
      0.13446372386903288
    ],
    "mean_accuracy": 0.882642416226636,
    "std_accuracy": 0.007747924122602825,
    "ci_accuracy": [
      0.876800075542904,
      0.888484756910368
    ],
    "mean_auc": 0.9847426687771664,
    "std_auc": 0.002718744893330547,
    "ci_auc": [
      0.9826925926990262,
      0.9867927448553067
    ],
    "mean_logloss": 0.39587246546925775,
    "std_logloss": 0.02710791457913545,
    "mean_mpce": 0.13960294543533303,
    "std_mpce": 0.00705395049978161
  },
  "test_accuracy": 0.8712424849699398,
  "test_auc": 0.9824982360662378,
  "test_logloss": 0.4280767268407953,
  "test_mpce": 0.16114229228339294,
  "test_classification_report": {
    "0": {
      "precision": 0.9264705882352942,
      "recall": 0.8709677419354839,
      "f1-score": 0.8978622327790974,
      "support": 217.0
    },
    "1": {
      "precision": 0.8793103448275862,
      "recall": 0.6623376623376623,
      "f1-score": 0.7555555555555555,
      "support": 77.0
    },
    "2": {
      "precision": 0.8386411889596603,
      "recall": 0.9080459770114943,
      "f1-score": 0.8719646799116998,
      "support": 435.0
    },
    "3": {
      "precision": 0.9438202247191011,
      "recall": 0.8235294117647058,
      "f1-score": 0.8795811518324608,
      "support": 102.0
    },
    "4": {
      "precision": 0.8971291866028708,
      "recall": 0.9101941747572816,
      "f1-score": 0.9036144578313253,
      "support": 412.0
    },
    "5": {
      "precision": 0.8507936507936508,
      "recall": 0.8903654485049833,
      "f1-score": 0.8701298701298701,
      "support": 301.0
    },
    "6": {
      "precision": 0.8235294117647058,
      "recall": 0.8525641025641025,
      "f1-score": 0.8377952755905512,
      "support": 312.0
    },
    "7": {
      "precision": 0.940677966101695,
      "recall": 0.7928571428571428,
      "f1-score": 0.8604651162790697,
      "support": 140.0
    },
    "accuracy": 0.8712424849699398,
    "macro avg": {
      "precision": 0.8875465702505705,
      "recall": 0.8388577077166071,
      "f1-score": 0.8596210424887037,
      "support": 1996.0
    },
    "weighted avg": {
      "precision": 0.8738335670399202,
      "recall": 0.8712424849699398,
      "f1-score": 0.8707872171033372,
      "support": 1996.0
    }
  },
  "test_confusion_matrix": [
    [
      189,
      3,
      7,
      2,
      3,
      5,
      8,
      0
    ],
    [
      3,
      51,
      4,
      0,
      5,
      8,
      6,
      0
    ],
    [
      2,
      0,
      395,
      2,
      11,
      9,
      12,
      4
    ],
    [
      2,
      0,
      4,
      84,
      4,
      2,
      6,
      0
    ],
    [
      4,
      1,
      15,
      1,
      375,
      7,
      8,
      1
    ],
    [
      0,
      3,
      15,
      0,
      6,
      268,
      9,
      0
    ],
    [
      2,
      0,
      22,
      0,
      8,
      12,
      266,
      2
    ],
    [
      2,
      0,
      9,
      0,
      6,
      4,
      8,
      111
    ]
  ],
  "wilcoxon_p_value": 1.0
}