{
  "kge_model_type": "transe",
  "kge_search_type": "smart",
  "kge_embedding_dim": 32,
  "ces_applied": false,
  "ces_alpha": null,
  "kge_metrics": {
    "pre_ces": {
      "train": {
        "mrr": 0.7852652668952943,
        "hits_at_1": 0.6697530864197531,
        "hits_at_10": 0.9394793344068706
      },
      "test": {
        "mrr": 0.43085056543350214,
        "hits_at_1": 0.38143776824034337,
        "hits_at_10": 0.5246781115879828
      },
      "gap": 0.35441470146179216
    },
    "post_ces": null,
    "gap_improvement": null,
    "final_train_mrr": 0.7852652668952943,
    "final_test_mrr": 0.43085056543350214,
    "final_train_test_gap": 0.35441470146179216
  },
  "selection_criterion": "downstream_auc",
  "best_classifier_params": {
    "subsample": 1.0,
    "n_estimators": 100,
    "min_child_weight": 1,
    "max_depth": 10,
    "learning_rate": 0.2,
    "gamma": 0.1,
    "colsample_bytree": 0.8
  },
  "cv_results": {
    "fold_accuracies": [
      0.8777555110220441,
      0.8837675350701403,
      0.87374749498998,
      0.8927855711422845,
      0.8777555110220441,
      0.874749498997996,
      0.8907815631262525,
      0.874749498997996,
      0.8856569709127382,
      0.8876629889669007
    ],
    "fold_aucs": [
      0.9842625916201411,
      0.9838262409606877,
      0.9819696965550598,
      0.9862487680031808,
      0.9880581988899324,
      0.9806471714398228,
      0.9879043861488341,
      0.9851581534775231,
      0.9847134482373447,
      0.9868568889665408
    ],
    "fold_logloss": [
      0.4106620765408453,
      0.4008477626893024,
      0.42814182199086526,
      0.3659727789445088,
      0.38124327649815337,
      0.4405195807979514,
      0.3708259759738666,
      0.40433824405642443,
      0.4009067575798095,
      0.3651819337973977
    ],
    "fold_mean_per_class_error": [
      0.15185307116450225,
      0.14029735854244824,
      0.1501937490360591,
      0.1344040507340878,
      0.13554627046920992,
      0.15285842516489329,
      0.12045181873866646,
      0.13730439456034005,
      0.13597988713002207,
      0.14141402728911723
    ],
    "mean_accuracy": 0.8819412144248375,
    "std_accuracy": 0.006717526633781954,
    "ci_accuracy": [
      0.8768758474277465,
      0.8870065814219286
    ],
    "mean_auc": 0.9849645544299067,
    "std_auc": 0.0023008997132916813,
    "ci_auc": [
      0.9832295555074295,
      0.9866995533523839
    ],
    "mean_logloss": 0.39686402088691247,
    "std_logloss": 0.024581667829547495,
    "mean_mpce": 0.14003030528293464,
    "std_mpce": 0.009319522337851882
  },
  "test_accuracy": 0.8682364729458918,
  "test_auc": 0.9829841681731002,
  "test_logloss": 0.42509759061273544,
  "test_mpce": 0.16369749227571204,
  "test_classification_report": {
    "0": {
      "precision": 0.8867924528301887,
      "recall": 0.8663594470046083,
      "f1-score": 0.8764568764568764,
      "support": 217.0
    },
    "1": {
      "precision": 0.8833333333333333,
      "recall": 0.6883116883116883,
      "f1-score": 0.7737226277372263,
      "support": 77.0
    },
    "2": {
      "precision": 0.8556034482758621,
      "recall": 0.9126436781609195,
      "f1-score": 0.8832035595105673,
      "support": 435.0
    },
    "3": {
      "precision": 0.9540229885057471,
      "recall": 0.8137254901960784,
      "f1-score": 0.8783068783068783,
      "support": 102.0
    },
    "4": {
      "precision": 0.9053398058252428,
      "recall": 0.9053398058252428,
      "f1-score": 0.9053398058252428,
      "support": 412.0
    },
    "5": {
      "precision": 0.8370607028753994,
      "recall": 0.8704318936877077,
      "f1-score": 0.8534201954397395,
      "support": 301.0
    },
    "6": {
      "precision": 0.8102409638554217,
      "recall": 0.8621794871794872,
      "f1-score": 0.8354037267080745,
      "support": 312.0
    },
    "7": {
      "precision": 0.9310344827586207,
      "recall": 0.7714285714285715,
      "f1-score": 0.84375,
      "support": 140.0
    },
    "accuracy": 0.8682364729458918,
    "macro avg": {
      "precision": 0.882928522282477,
      "recall": 0.8363025077242879,
      "f1-score": 0.8562004587480756,
      "support": 1996.0
    },
    "weighted avg": {
      "precision": 0.8707634036237463,
      "recall": 0.8682364729458918,
      "f1-score": 0.8678352084476892,
      "support": 1996.0
    }
  },
  "test_confusion_matrix": [
    [
      188,
      2,
      6,
      1,
      3,
      7,
      9,
      1
    ],
    [
      3,
      53,
      5,
      0,
      4,
      6,
      6,
      0
    ],
    [
      3,
      0,
      397,
      2,
      11,
      7,
      11,
      4
    ],
    [
      2,
      0,
      6,
      83,
      2,
      2,
      7,
      0
    ],
    [
      6,
      2,
      13,
      0,
      373,
      8,
      9,
      1
    ],
    [
      0,
      3,
      18,
      0,
      6,
      262,
      12,
      0
    ],
    [
      6,
      0,
      13,
      0,
      7,
      15,
      269,
      2
    ],
    [
      4,
      0,
      6,
      1,
      6,
      6,
      9,
      108
    ]
  ],
  "wilcoxon_p_value": 0.8125
}