{
  "kge_model_type": "transe",
  "kge_embedding_dim": 32,
  "kge_metrics": {
    "mrr": 0.14629998803138733,
    "hits_at_1": 0,
    "hits_at_3": 0,
    "hits_at_10": 0
  },
  "kge_config": {
    "embedding_dim": 32,
    "learning_rate": 0.0001,
    "num_epochs": 80,
    "batch_size": 100,
    "scoring_fct_norm": 2,
    "regularizer_weight": 0.03,
    "model_name": "TransE",
    "model_type": "transe",
    "num_entities": 12379,
    "num_relations": 2279,
    "training_triples": 13203,
    "testing_triples": 15534,
    "train_evaluation": {
      "mrr": 0.16948340833187103,
      "hits_at_1": 0.04775429826554571,
      "hits_at_10": 0.36177383927895174
    },
    "val_evaluation": {
      "mrr": 0.014502556063234804,
      "hits_at_1": 0.0,
      "hits_at_10": 0.038824538824538825
    },
    "train_test_gap": 0.023183420300483704,
    "val_test_gap": -0.13179743196815252,
    "mrr_score": 0.14629998803138733,
    "actual_epochs": 80,
    "early_stopped": false,
    "best_mrr_score": 0.14629998803138733,
    "best_hyperparams": {
      "embedding_dim": 32,
      "learning_rate": 0.0001,
      "num_epochs": 80,
      "batch_size": 100,
      "scoring_fct_norm": 2,
      "regularizer_weight": 0.03
    },
    "search_type": "smart",
    "total_configurations_tried": 1,
    "models_after_filtering": 1
  },
  "selection_criterion": "downstream_auc",
  "best_classifier_params": {
    "subsample": 0.8,
    "n_estimators": 300,
    "max_depth": 10,
    "learning_rate": 0.05,
    "colsample_bytree": 0.6
  },
  "cv_results": {
    "mean_accuracy": 0.8477573813798035,
    "std_accuracy": 0.008297982235099819,
    "ci_accuracy": [
      0.8415002680630145,
      0.8540144946965925
    ],
    "variance_accuracy": 6.885650917403218e-05,
    "mean_auc": 0.9774216749242907,
    "std_auc": 0.001225340500866247,
    "ci_auc": [
      0.9764977039939674,
      0.9783456458546139
    ],
    "mean_logloss": 0.4274981297946203,
    "std_logloss": 0.01952155686965511,
    "ci_logloss": [
      0.41277785322703564,
      0.442218406362205
    ],
    "mean_mpce": 0.1939783262435804,
    "std_mpce": 0.01646889443345287,
    "ci_mpce": [
      0.18155991707460595,
      0.20639673541255488
    ],
    "fold_accuracies": [
      0.8417874396135265,
      0.8442028985507246,
      0.8448067632850241,
      0.8387681159420289,
      0.8514492753623188,
      0.8508454106280193,
      0.8538647342995169,
      0.856280193236715,
      0.8333333333333334,
      0.8622356495468277
    ],
    "fold_aucs": [
      0.9779678251061384,
      0.9785238998687519,
      0.978316496683691,
      0.9751109219678191,
      0.9773036117012407,
      0.9783930123613833,
      0.9762334805321929,
      0.9777360611183555,
      0.9788762640119472,
      0.9757551758913857
    ],
    "fold_logloss": [
      0.4499110286434139,
      0.42675470525837855,
      0.4238050153213673,
      0.46236611538915645,
      0.43794187751160013,
      0.4085786851696354,
      0.41812112726870937,
      0.40246980021913864,
      0.44310298478013277,
      0.4019299583846704
    ],
    "fold_mean_per_class_error": [
      0.20820394286903837,
      0.16994727351962466,
      0.1840843981591795,
      0.2303439607414403,
      0.182490272981483,
      0.19410218285813205,
      0.2075868730703089,
      0.18620817420748392,
      0.19442566849888251,
      0.182390515530231
    ],
    "cv_scores": [
      0.8417874396135265,
      0.8442028985507246,
      0.8448067632850241,
      0.8387681159420289,
      0.8514492753623188,
      0.8508454106280193,
      0.8538647342995169,
      0.856280193236715,
      0.8333333333333334,
      0.8622356495468277
    ]
  },
  "test_accuracy": 0.8442028985507246,
  "test_auc": 0.9776039116577279,
  "test_logloss": 0.4344894073072033,
  "test_mpce": 0.2058406826829678,
  "test_classification_report": {
    "0": {
      "precision": 0.9090909090909091,
      "recall": 0.7142857142857143,
      "f1-score": 0.8,
      "support": 42.0
    },
    "1": {
      "precision": 0.9375,
      "recall": 0.7258064516129032,
      "f1-score": 0.8181818181818182,
      "support": 124.0
    },
    "2": {
      "precision": 0.889795918367347,
      "recall": 0.8427835051546392,
      "f1-score": 0.8656518861681006,
      "support": 776.0
    },
    "3": {
      "precision": 0.9402985074626866,
      "recall": 0.8467741935483871,
      "f1-score": 0.8910891089108911,
      "support": 372.0
    },
    "4": {
      "precision": 0.8914027149321267,
      "recall": 0.7419962335216572,
      "f1-score": 0.8098663926002055,
      "support": 531.0
    },
    "5": {
      "precision": 0.7699050401753105,
      "recall": 0.9410714285714286,
      "f1-score": 0.8469264764965849,
      "support": 1120.0
    },
    "6": {
      "precision": 0.8576158940397351,
      "recall": 0.7463976945244957,
      "f1-score": 0.7981510015408321,
      "support": 347.0
    },
    "accuracy": 0.8442028985507246,
    "macro avg": {
      "precision": 0.8850869977240166,
      "recall": 0.7941593173170322,
      "f1-score": 0.832838097699776,
      "support": 3312.0
    },
    "weighted avg": {
      "precision": 0.8538422999601732,
      "recall": 0.8442028985507246,
      "f1-score": 0.8435509249146727,
      "support": 3312.0
    }
  },
  "test_confusion_matrix": [
    [
      30,
      0,
      0,
      1,
      0,
      11,
      0
    ],
    [
      0,
      90,
      13,
      0,
      2,
      14,
      5
    ],
    [
      0,
      4,
      654,
      4,
      8,
      91,
      15
    ],
    [
      1,
      0,
      4,
      315,
      11,
      39,
      2
    ],
    [
      2,
      0,
      21,
      5,
      394,
      103,
      6
    ],
    [
      0,
      2,
      27,
      6,
      16,
      1054,
      15
    ],
    [
      0,
      0,
      16,
      4,
      11,
      57,
      259
    ]
  ],
  "wilcoxon_p_value": 0.125
}