{
  "amazon": {
    "transe": {
      "status": "SUCCESS",
      "ces_applied": false,
      "kge_metrics": {
        "pre_ces": {
          "train": {
            "mrr": 0.5020604729652405,
            "hits_at_1": 0.3591429593845053,
            "hits_at_10": 0.7389515118983718
          },
          "test": {
            "mrr": 0.1332634687423706,
            "hits_at_1": 0.08604651162790698,
            "hits_at_10": 0.21627906976744185
          },
          "gap": 0.3687970042228699
        },
        "post_ces": null,
        "gap_improvement": null,
        "final_train_mrr": 0.5020604729652405,
        "final_test_mrr": 0.1332634687423706,
        "final_train_test_gap": 0.3687970042228699
      },
      "test_accuracy": 0.8938321536905965,
      "test_auc": 0.9616658011798098,
      "cv_mean_accuracy": 0.902637347258144,
      "cv_mean_auc": 0.9673686492968023
    },
    "convkb": {
      "status": "SUCCESS",
      "ces_applied": false,
      "kge_metrics": {
        "pre_ces": {
          "train": {
            "mrr": 0.12330298125743866,
            "hits_at_1": 0.10502773304705672,
            "hits_at_10": 0.15745213812846662
          },
          "test": {
            "mrr": 0.08804444223642349,
            "hits_at_1": 0.07245080500894455,
            "hits_at_10": 0.11305903398926655
          },
          "gap": 0.03525853902101517
        },
        "post_ces": null,
        "gap_improvement": null,
        "final_train_mrr": 0.12330298125743866,
        "final_test_mrr": 0.08804444223642349,
        "final_train_test_gap": 0.03525853902101517
      },
      "test_accuracy": 0.8355240984159084,
      "test_auc": 0.9228333750049228,
      "cv_mean_accuracy": 0.8424928161572394,
      "cv_mean_auc": 0.9306113220868969
    },
    "complex": {
      "status": "SUCCESS",
      "ces_applied": false,
      "kge_metrics": {
        "pre_ces": {
          "train": {
            "mrr": 0.4909903407096863,
            "hits_at_1": 0.3765879405976024,
            "hits_at_10": 0.7262927178386116
          },
          "test": {
            "mrr": 0.11258931457996368,
            "hits_at_1": 0.07799642218246869,
            "hits_at_10": 0.17227191413237924
          },
          "gap": 0.3784010261297226
        },
        "post_ces": null,
        "gap_improvement": null,
        "final_train_mrr": 0.4909903407096863,
        "final_test_mrr": 0.11258931457996368,
        "final_train_test_gap": 0.3784010261297226
      },
      "test_accuracy": 0.8661948095719582,
      "test_auc": 0.9431956705508251,
      "cv_mean_accuracy": 0.8819373383521782,
      "cv_mean_auc": 0.9541701903908179
    },
    "distmult": {
      "status": "SUCCESS",
      "ces_applied": false,
      "kge_metrics": {
        "pre_ces": {
          "train": {
            "mrr": 0.18528926372528076,
            "hits_at_1": 0.16112005725532297,
            "hits_at_10": 0.22843979244945428
          },
          "test": {
            "mrr": 0.07468181848526001,
            "hits_at_1": 0.06779964221824687,
            "hits_at_10": 0.08568872987477638
          },
          "gap": 0.11060744524002075
        },
        "post_ces": null,
        "gap_improvement": null,
        "final_train_mrr": 0.18528926372528076,
        "final_test_mrr": 0.07468181848526001,
        "final_train_test_gap": 0.11060744524002075
      },
      "test_accuracy": 0.8415908324907314,
      "test_auc": 0.9312716428955436,
      "cv_mean_accuracy": 0.8538204321029166,
      "cv_mean_auc": 0.9402742980979222
    }
  },
  "bbc": {
    "transe": {
      "status": "SUCCESS",
      "ces_applied": false,
      "kge_metrics": {
        "pre_ces": {
          "train": {
            "mrr": 0.7191762328147888,
            "hits_at_1": 0.5788605455862236,
            "hits_at_10": 0.9225879134143398
          },
          "test": {
            "mrr": 0.32952192425727844,
            "hits_at_1": 0.2611844222722884,
            "hits_at_10": 0.4679755391052462
          },
          "gap": 0.3896543085575104
        },
        "post_ces": null,
        "gap_improvement": null,
        "final_train_mrr": 0.7191762328147888,
        "final_test_mrr": 0.32952192425727844,
        "final_train_test_gap": 0.3896543085575104
      },
      "test_accuracy": 0.8876811594202898,
      "test_auc": 0.9842875854272641,
      "cv_mean_accuracy": 0.8955860954215742,
      "cv_mean_auc": 0.9850615650836764
    },
    "convkb": {
      "status": "SUCCESS",
      "ces_applied": false,
      "kge_metrics": {
        "pre_ces": {
          "train": {
            "mrr": 0.509344756603241,
            "hits_at_1": 0.38581314878892736,
            "hits_at_10": 0.7441860465116279
          },
          "test": {
            "mrr": 0.02460496500134468,
            "hits_at_1": 0.011747666559382041,
            "hits_at_10": 0.04586417766334085
          },
          "gap": 0.4847397916018963
        },
        "post_ces": null,
        "gap_improvement": null,
        "final_train_mrr": 0.509344756603241,
        "final_test_mrr": 0.02460496500134468,
        "final_train_test_gap": 0.4847397916018963
      },
      "test_accuracy": 0.8405797101449275,
      "test_auc": 0.9700505406994587,
      "cv_mean_accuracy": 0.8485423325598026,
      "cv_mean_auc": 0.9726617088928042
    },
    "complex": {
      "status": "SUCCESS",
      "ces_applied": false,
      "kge_metrics": {
        "pre_ces": {
          "train": {
            "mrr": 0.0008195906993933023,
            "hits_at_1": 8.04699444757383e-05,
            "hits_at_10": 0.0009254043614709906
          },
          "test": {
            "mrr": 0.0007313104579225183,
            "hits_at_1": 0.0,
            "hits_at_10": 0.000643707756678468
          },
          "gap": 8.828024147078406e-05
        },
        "post_ces": null,
        "gap_improvement": null,
        "final_train_mrr": 0.0008195906993933023,
        "final_test_mrr": 0.0007313104579225183,
        "final_train_test_gap": 8.828024147078406e-05
      },
      "test_accuracy": 0.8538647342995169,
      "test_auc": 0.9755734279286391,
      "cv_mean_accuracy": 0.8588691857495221,
      "cv_mean_auc": 0.9768359161698426
    },
    "distmult": {
      "status": "SUCCESS",
      "ces_applied": false,
      "kge_metrics": {
        "pre_ces": {
          "train": {
            "mrr": 0.39419063925743103,
            "hits_at_1": 0.36340226925243424,
            "hits_at_10": 0.44596443228454175
          },
          "test": {
            "mrr": 0.1597667932510376,
            "hits_at_1": 0.14370775667846797,
            "hits_at_10": 0.191181203733505
          },
          "gap": 0.23442384600639343
        },
        "post_ces": null,
        "gap_improvement": null,
        "final_train_mrr": 0.39419063925743103,
        "final_test_mrr": 0.1597667932510376,
        "final_train_test_gap": 0.23442384600639343
      },
      "test_accuracy": 0.8620169082125604,
      "test_auc": 0.9750256400941112,
      "cv_mean_accuracy": 0.8644853467022783,
      "cv_mean_auc": 0.9775261619688737
    }
  },
  "reuters_activities": {
    "transe": {
      "status": "SUCCESS",
      "ces_applied": false,
      "kge_metrics": {
        "pre_ces": {
          "train": {
            "mrr": 0.7873156070709227,
            "hits_at_1": 0.6717659688674181,
            "hits_at_10": 0.9397477187332259
          },
          "test": {
            "mrr": 0.4316464960575104,
            "hits_at_1": 0.3843884120171674,
            "hits_at_10": 0.5238733905579399
          },
          "gap": 0.35566911101341236
        },
        "post_ces": null,
        "gap_improvement": null,
        "final_train_mrr": 0.7873156070709227,
        "final_test_mrr": 0.4316464960575104,
        "final_train_test_gap": 0.35566911101341236
      },
      "test_accuracy": 0.8712424849699398,
      "test_auc": 0.9824982360662378,
      "cv_mean_accuracy": 0.882642416226636,
      "cv_mean_auc": 0.9847426687771664
    },