{
  "amazon": {
    "transe": {
      "status": "SUCCESS",
      "kge_metrics": {
        "train_mrr": 0.6141117215156555,
        "test_mrr": 0.16514894366264343,
        "train_test_gap": 0.4489627778530121
      },
      "test_accuracy": 0.8948432760364005,
      "test_auc": 0.9598491946392935,
      "cv_mean_accuracy": 0.9008840534139837,
      "cv_mean_auc": 0.9663266848234582
    },
    "convkb": {
      "status": "SUCCESS",
      "kge_metrics": {
        "train_mrr": 0.11336793005466461,
        "test_mrr": 0.07871531695127487,
        "train_test_gap": 0.03465261310338974
      },
      "test_accuracy": 0.837546343107516,
      "test_auc": 0.9228102495624483,
      "cv_mean_accuracy": 0.8420880491027694,
      "cv_mean_auc": 0.929713038047957
    },
    "complex": {
      "status": "SUCCESS",
      "kge_metrics": {
        "train_mrr": 0.628576934337616,
        "test_mrr": 0.12055761367082596,
        "train_test_gap": 0.50801932066679
      },
      "test_accuracy": 0.8675429726996967,
      "test_auc": 0.9461140555981429,
      "cv_mean_accuracy": 0.881263211273135,
      "cv_mean_auc": 0.9545698958926068
    },
    "distmult": {
      "status": "SUCCESS",
      "kge_metrics": {
        "train_mrr": 0.17206306755542755,
        "test_mrr": 0.08048934489488602,
        "train_test_gap": 0.09157372266054153
      },
      "test_accuracy": 0.854061341422312,
      "test_auc": 0.9340659290337412,
      "cv_mean_accuracy": 0.8594838084090493,
      "cv_mean_auc": 0.9425131550202195
    }
  },
  "bbc": {
    "transe": {
      "status": "SUCCESS",
      "kge_metrics": {
        "train_mrr": 0.6937592029571533,
        "test_mrr": 0.30267423391342163,
        "train_test_gap": 0.3910849690437317
      },
      "test_accuracy": 0.8828502415458938,
      "test_auc": 0.9831217291243803,
      "cv_mean_accuracy": 0.8941368200592554,
      "cv_mean_auc": 0.984378320734278
    },
    "convkb": {
      "status": "SUCCESS",
      "kge_metrics": {
        "train_mrr": 0.14145758748054504,
        "test_mrr": 0.009662403725087643,
        "train_test_gap": 0.1317951837554574
      },
      "test_accuracy": 0.8291062801932367,
      "test_auc": 0.9686527013512736,
      "cv_mean_accuracy": 0.8434094093436666,
      "cv_mean_auc": 0.9689693855115971
    },
    "complex": {
      "status": "SUCCESS",
      "kge_metrics": {
        "train_mrr": 0.5379732251167297,
        "test_mrr": 0.10038324445486069,
        "train_test_gap": 0.43758998066186905
      },
      "test_accuracy": 0.8674516908212561,
      "test_auc": 0.9772156479436187,
      "cv_mean_accuracy": 0.8741476932732022,
      "cv_mean_auc": 0.9794702856491366
    },
    "distmult": {
      "status": "SUCCESS",
      "kge_metrics": {
        "train_mrr": 0.10039204359054565,
        "test_mrr": 0.002419804921373725,
        "train_test_gap": 0.09797223866917193
      },
      "test_accuracy": 0.8460144927536232,
      "test_auc": 0.9690781996417753,
      "cv_mean_accuracy": 0.8496898944787425,
      "cv_mean_auc": 0.9723976314436843
    }
  },
  "reuters": {
    "transe": {
      "status": "FAILED",
      "error": "[Errno 2] No such file or directory: '../data/triples_raw/reuters/dataset_triplet_reuters_activities_new_simplificado.csv'"
    },
    "convkb": {
      "status": "FAILED",
      "error": "[Errno 2] No such file or directory: '../data/triples_raw/reuters/dataset_triplet_reuters_activities_new_simplificado.csv'"
    },
    "complex": {
      "status": "FAILED",
      "error": "[Errno 2] No such file or directory: '../data/triples_raw/reuters/dataset_triplet_reuters_activities_new_simplificado.csv'"
    },
    "distmult": {
      "status": "FAILED",
      "error": "[Errno 2] No such file or directory: '../data/triples_raw/reuters/dataset_triplet_reuters_activities_new_simplificado.csv'"
    }
  }
}