{
  "kge_model_type": "distmult",
  "kge_search_type": "smart",
  "kge_embedding_dim": 20,
  "ces_applied": false,
  "ces_alpha": null,
  "kge_metrics": {
    "pre_ces": {
      "train": {
        "mrr": 0.18546466529369354,
        "hits_at_1": 0.16147790302379675,
        "hits_at_10": 0.22835033100733584
      },
      "test": {
        "mrr": 0.075136199593544,
        "hits_at_1": 0.06815742397137746,
        "hits_at_10": 0.08658318425760286
      },
      "gap": 0.11032846570014954
    },
    "post_ces": null,
    "gap_improvement": null,
    "final_train_mrr": 0.18546466529369354,
    "final_test_mrr": 0.075136199593544,
    "final_train_test_gap": 0.11032846570014954
  },
  "selection_criterion": "downstream_auc",
  "best_classifier_params": {
    "subsample": 1.0,
    "n_estimators": 100,
    "min_child_weight": 1,
    "max_depth": 10,
    "learning_rate": 0.2,
    "gamma": 0.1,
    "colsample_bytree": 0.8
  },
  "cv_results": {
    "fold_accuracies": [
      0.8443396226415094,
      0.8610923803101821,
      0.851652056641942,
      0.8489548213081591,
      0.8624409979770735,
      0.8503034389750506,
      0.8462575859743763,
      0.8624409979770735,
      0.8583951449763992,
      0.851652056641942
    ],
    "fold_aucs": [
      0.9284199004647298,
      0.9417101104976426,
      0.9373886408130045,
      0.9396405710389124,
      0.9414983905618735,
      0.9381979425588233,
      0.9374363007119656,
      0.9418622555597105,
      0.9429941781600346,
      0.9415075559270583
    ],
    "fold_logloss": [
      0.34057464946613764,
      0.3055542219270799,
      0.31388297312595026,
      0.30781327468916814,
      0.30574953458841214,
      0.3137522720976133,
      0.3128889180066966,
      0.3049290859557893,
      0.30367300676767517,
      0.30282737231478185
    ],
    "fold_mean_per_class_error": [
      0.15692363166458922,
      0.13927963895793466,
      0.15047513253118056,
      0.15235311585754824,
      0.13792041530102722,
      0.15087382591671983,
      0.15447123175175792,
      0.13864081300455333,
      0.14175795370390737,
      0.14891427084020736
    ],
    "mean_accuracy": 0.8537529103423708,
    "std_accuracy": 0.006441439681145525,
    "ci_accuracy": [
      0.8488957273711054,
      0.8586100933136361
    ],
    "mean_auc": 0.9390655846293756,
    "std_auc": 0.004025061628441029,
    "ci_auc": [
      0.9360304772981399,
      0.9421006919606113
    ],
    "mean_logloss": 0.3111645308939304,
    "std_logloss": 0.010576178460951815,
    "mean_mpce": 0.14716100295294257,
    "std_mpce": 0.006729337225102911
  },
  "test_accuracy": 0.846309403437816,
  "test_auc": 0.9337847602876164,
  "test_logloss": 0.3260240615041664,
  "test_mpce": 0.15417205878716445,
  "test_classification_report": {
    "0": {
      "precision": 0.8257080610021786,
      "recall": 0.8403547671840355,
      "f1-score": 0.832967032967033,
      "support": 1353.0
    },
    "1": {
      "precision": 0.8641509433962264,
      "recall": 0.8513011152416357,
      "f1-score": 0.8576779026217228,
      "support": 1614.0
    },
    "accuracy": 0.846309403437816,
    "macro avg": {
      "precision": 0.8449295021992025,
      "recall": 0.8458279412128356,
      "f1-score": 0.8453224677943779,
      "support": 2967.0
    },
    "weighted avg": {
      "precision": 0.8466203670972218,
      "recall": 0.846309403437816,
      "f1-score": 0.8464093462877844,
      "support": 2967.0
    }
  },
  "test_confusion_matrix": [
    [
      1137,
      216
    ],
    [
      240,
      1374
    ]
  ],
  "wilcoxon_p_value": 1.0
}