{
  "timestamp": "2025-08-02T09:18:38.890230",
  "model_path": "data/triples_emb/bbcopcion2/transe_model.pkl",
  "mappings_path": "data/triples_emb/bbcopcion2/transe_mappings.pkl",
  "metrics": {
    "model_type": "transe",
    "model_name": "TransE",
    "embedding_dim": 150,
    "num_entities": 13055,
    "num_relations": 2435,
    "training_triples": 13532,
    "testing_triples": 3384,
    "evaluation": {
      "hits_at_1": 0.4781323877068558,
      "hits_at_3": 0.5681146572104019,
      "hits_at_10": 0.6292848699763594,
      "mrr": 0.5331326723098755,
      "mr": 1598.223388671875
    }
  }
}