num_topics,alpha,l1_ratio,init,coherence
2,0.0,0.0,nndsvda,0.45103096039553364
2,0.0,0.3,nndsvda,0.45103096039553364
2,0.0,0.5,nndsvda,0.45103096039553364
2,0.01,0.0,nndsvda,0.28957277629543704
2,0.01,0.3,nndsvda,0.0
2,0.01,0.5,nndsvda,0.0
2,0.1,0.0,nndsvda,0.2799806630111361
2,0.1,0.3,nndsvda,0.0
2,0.1,0.5,nndsvda,0.0
