{
  "kge_model_type": "complex",
  "kge_search_type": "smart",
  "kge_embedding_dim": 16,
  "ces_applied": false,
  "ces_alpha": null,
  "kge_metrics": {
    "pre_ces": {
      "train": {
        "mrr": 0.4909903407096863,
        "hits_at_1": 0.3765879405976024,
        "hits_at_10": 0.7262927178386116
      },
      "test": {
        "mrr": 0.11258931457996368,
        "hits_at_1": 0.07799642218246869,
        "hits_at_10": 0.17227191413237924
      },
      "gap": 0.3784010261297226
    },
    "post_ces": null,
    "gap_improvement": null,
    "final_train_mrr": 0.4909903407096863,
    "final_test_mrr": 0.11258931457996368,
    "final_train_test_gap": 0.3784010261297226
  },
  "selection_criterion": "downstream_auc",
  "best_classifier_params": {
    "subsample": 1.0,
    "n_estimators": 100,
    "min_child_weight": 1,
    "max_depth": 10,
    "learning_rate": 0.2,
    "gamma": 0.1,
    "colsample_bytree": 0.8
  },
  "cv_results": {
    "fold_accuracies": [
      0.8692722371967655,
      0.8873904248145651,
      0.8846931894807822,
      0.8799730276466622,
      0.8739042481456507,
      0.8914362778152394,
      0.8819959541469993,
      0.8927848954821308,
      0.8792987188132164,
      0.8786244099797708
    ],
    "fold_aucs": [
      0.9452006904138275,
      0.9569704435303521,
      0.9572151587807863,
      0.9583874089879239,
      0.9510761971800006,
      0.9565946635577747,
      0.9527516259357838,
      0.9589171670956056,
      0.9505940989712794,
      0.9539944494548441
    ],
    "fold_logloss": [
      0.3000358992755482,
      0.2655879505744961,
      0.264314808712211,
      0.2605967626694303,
      0.2831338175183938,
      0.26699814404884165,
      0.2788253923714222,
      0.2589021939224156,
      0.28723650634601977,
      0.27425233626497264
    ],
    "fold_mean_per_class_error": [
      0.13066795524390534,
      0.11511607018470044,
      0.11699405351106812,
      0.12133110431652039,
      0.12786784276632718,
      0.10959760380692607,
      0.11947236825704083,
      0.1076380487304136,
      0.12111021901556646,
      0.12112946628245458
    ],
    "mean_accuracy": 0.8819373383521782,
    "std_accuracy": 0.0070140238051643825,
    "ci_accuracy": [
      0.8766483969550843,
      0.8872262797492722
    ],
    "mean_auc": 0.9541701903908179,
    "std_auc": 0.0041008097306095455,
    "ci_auc": [
      0.9510779650222845,
      0.9572624157593512
    ],
    "mean_logloss": 0.2739883811703751,
    "std_logloss": 0.012573895660556786,
    "mean_mpce": 0.11909247321149227,
    "std_mpce": 0.006826029995178673
  },
  "test_accuracy": 0.8661948095719582,
  "test_auc": 0.9431956705508251,
  "test_logloss": 0.3064517512715237,
  "test_mpce": 0.13511761004734074,
  "test_classification_report": {
    "0": {
      "precision": 0.8556547619047619,
      "recall": 0.8499630450849963,
      "f1-score": 0.8527994067482387,
      "support": 1353.0
    },
    "1": {
      "precision": 0.8749229821318546,
      "recall": 0.8798017348203222,
      "f1-score": 0.8773555761507569,
      "support": 1614.0
    },
    "accuracy": 0.8661948095719582,
    "macro avg": {
      "precision": 0.8652888720183083,
      "recall": 0.8648823899526592,
      "f1-score": 0.8650774914494979,
      "support": 2967.0
    },
    "weighted avg": {
      "precision": 0.8661363619878518,
      "recall": 0.8661948095719582,
      "f1-score": 0.8661575656345427,
      "support": 2967.0
    }
  },
  "test_confusion_matrix": [
    [
      1150,
      203
    ],
    [
      194,
      1420
    ]
  ],
  "wilcoxon_p_value": 0.4375
}