{
  "kge_model_type": "transe",
  "kge_search_type": "smart",
  "kge_embedding_dim": 32,
  "ces_applied": false,
  "ces_alpha": null,
  "kge_metrics": {
    "pre_ces": {
      "train": {
        "mrr": 0.7483397722244263,
        "hits_at_1": 0.618089643518146,
        "hits_at_10": 0.9265309406936509
      },
      "test": {
        "mrr": 0.3302673399448395,
        "hits_at_1": 0.2621499839073061,
        "hits_at_10": 0.4757000321853878
      },
      "gap": 0.4180724322795868
    },
    "post_ces": null,
    "gap_improvement": null,
    "final_train_mrr": 0.7483397722244263,
    "final_test_mrr": 0.3302673399448395,
    "final_train_test_gap": 0.4180724322795868
  },
  "selection_criterion": "downstream_auc",
  "best_classifier_params": {
    "subsample": 1.0,
    "n_estimators": 100,
    "min_child_weight": 1,
    "max_depth": 10,
    "learning_rate": 0.2,
    "gamma": 0.1,
    "colsample_bytree": 0.8
  },
  "cv_results": {
    "fold_accuracies": [
      0.8888888888888888,
      0.9009661835748792,
      0.8888888888888888,
      0.892512077294686,
      0.8979468599033816,
      0.8955314009661836,
      0.8979468599033816,
      0.8985507246376812,
      0.8931159420289855,
      0.9099697885196375
    ],
    "fold_aucs": [
      0.9813013011742884,
      0.9870183155415388,
      0.9836354216014366,
      0.9854362361123086,
      0.9832758120712809,
      0.9838639093184269,
      0.9819735116983558,
      0.9847728786842561,
      0.9887811750755168,
      0.9852245416678521
    ],
    "fold_logloss": [
      0.36215878990310346,
      0.3211547748817767,
      0.37374119616687657,
      0.35632438984171677,
      0.34574491619545084,
      0.3367302269403865,
      0.34441587056938033,
      0.3391349578203297,
      0.3272166990888687,
      0.30329248034394324
    ],
    "fold_mean_per_class_error": [
      0.1527970756520322,
      0.11467035966002985,
      0.17192818887228847,
      0.1676484310247352,
      0.14555267935483282,
      0.15536634695360188,
      0.16351382222803107,
      0.14791746164368233,
      0.11804914439758864,
      0.1379469098228352
    ],
    "mean_accuracy": 0.8964317614606594,
    "std_accuracy": 0.005948775477691196,
    "ci_accuracy": [
      0.8919460731083028,
      0.900917449813016
    ],
    "mean_auc": 0.9845283102945261,
    "std_auc": 0.0021308186335821425,
    "ci_auc": [
      0.9829215614162925,
      0.9861350591727598
    ],
    "mean_logloss": 0.3409914301751833,
    "std_logloss": 0.019534783424897055,
    "mean_mpce": 0.14753904196096576,
    "std_mpce": 0.01841039764159995
  },
  "test_accuracy": 0.8870772946859904,
  "test_auc": 0.9845779717547988,
  "test_logloss": 0.35553876325787825,
  "test_mpce": 0.16331474923613046,
  "test_classification_report": {
    "0": {
      "precision": 0.9090909090909091,
      "recall": 0.7142857142857143,
      "f1-score": 0.8,
      "support": 42.0
    },
    "1": {
      "precision": 0.941747572815534,
      "recall": 0.782258064516129,
      "f1-score": 0.8546255506607929,
      "support": 124.0
    },
    "2": {
      "precision": 0.9025974025974026,
      "recall": 0.895618556701031,
      "f1-score": 0.8990944372574385,
      "support": 776.0
    },
    "3": {
      "precision": 0.9529411764705882,
      "recall": 0.8709677419354839,
      "f1-score": 0.9101123595505618,
      "support": 372.0
    },
    "4": {
      "precision": 0.920997920997921,
      "recall": 0.8342749529190208,
      "f1-score": 0.8754940711462451,
      "support": 531.0
    },
    "5": {
      "precision": 0.8346333853354134,
      "recall": 0.9553571428571429,
      "f1-score": 0.890924229808493,
      "support": 1120.0
    },
    "6": {
      "precision": 0.9207920792079208,
      "recall": 0.8040345821325648,
      "f1-score": 0.8584615384615385,
      "support": 347.0
    },
    "accuracy": 0.8870772946859904,
    "macro avg": {
      "precision": 0.9118286352165271,
      "recall": 0.8366852507638696,
      "f1-score": 0.8698160266978672,
      "support": 3312.0
    },
    "weighted avg": {
      "precision": 0.8916734173865626,
      "recall": 0.8870772946859904,
      "f1-score": 0.8866066703975972,
      "support": 3312.0
    }
  },
  "test_confusion_matrix": [
    [
      30,
      0,
      2,
      1,
      1,
      7,
      1
    ],
    [
      0,
      97,
      10,
      0,
      3,
      10,
      4
    ],
    [
      1,
      2,
      695,
      4,
      8,
      58,
      8
    ],
    [
      0,
      0,
      5,
      324,
      9,
      31,
      3
    ],
    [
      1,
      0,
      19,
      3,
      443,
      62,
      3
    ],
    [
      1,
      2,
      22,
      6,
      14,
      1070,
      5
    ],
    [
      0,
      2,
      17,
      2,
      3,
      44,
      279
    ]
  ],
  "wilcoxon_p_value": 0.1875
}