{
  "kge_model_type": "convkb",
  "kge_search_type": "smart",
  "kge_embedding_dim": 8,
  "kge_metrics": {
    "train_mrr": 0.14145758748054504,
    "test_mrr": 0.009662403725087643,
    "train_test_gap": 0.1317951837554574
  },
  "selection_criterion": "downstream_auc",
  "best_classifier_params": {
    "subsample": 1.0,
    "n_estimators": 100,
    "min_child_weight": 1,
    "max_depth": 10,
    "learning_rate": 0.2,
    "gamma": 0.1,
    "colsample_bytree": 0.8
  },
  "cv_results": {
    "fold_accuracies": [
      0.8357487922705314,
      0.8417874396135265,
      0.8278985507246377,
      0.8345410628019324,
      0.8514492753623188,
      0.842391304347826,
      0.8490338164251208,
      0.8478260869565217,
      0.8435990338164251,
      0.8598187311178248
    ],
    "fold_aucs": [
      0.9641668236501495,
      0.9696710651772941,
      0.9654058524577805,
      0.9680181235276931,
      0.9716665692543588,
      0.9684898034114523,
      0.9680984553580899,
      0.9760491734413331,
      0.9732630932707705,
      0.9648648955670481
    ],
    "fold_logloss": [
      0.5449500685245249,
      0.5238628528729595,
      0.5396555797430527,
      0.5375189123861299,
      0.509344585944951,
      0.5223466653284797,
      0.5346389829099873,
      0.49655281765128817,
      0.5153551696146034,
      0.4933027926406927
    ],
    "fold_mean_per_class_error": [
      0.22892643161890927,
      0.19240785886961234,
      0.24295747757850897,
      0.24446100203516632,
      0.20442539998902826,
      0.23008866523627505,
      0.22823329542819043,
      0.2315985025994454,
      0.19534508958722907,
      0.20923693571330038
    ],
    "mean_accuracy": 0.8434094093436666,
    "std_accuracy": 0.008755963243945616,
    "ci_accuracy": [
      0.8368069543536737,
      0.8500118643336595
    ],
    "mean_auc": 0.9689693855115971,
    "std_auc": 0.003617044395571595,
    "ci_auc": [
      0.9662419445489959,
      0.9716968264741982
    ],
    "mean_logloss": 0.521752842761667,
    "std_logloss": 0.01708036088064231,
    "mean_mpce": 0.22076806586556658,
    "std_mpce": 0.017974605663017867
  },
  "test_accuracy": 0.8291062801932367,
  "test_auc": 0.9686527013512736,
  "test_logloss": 0.5535116465766937,
  "test_mpce": 0.25099234742009663,
  "test_classification_report": {
    "0": {
      "precision": 0.96,
      "recall": 0.5714285714285714,
      "f1-score": 0.7164179104477612,
      "support": 42.0
    },
    "1": {
      "precision": 0.9512195121951219,
      "recall": 0.6290322580645161,
      "f1-score": 0.7572815533980582,
      "support": 124.0
    },
    "2": {
      "precision": 0.8599476439790575,
      "recall": 0.8466494845360825,
      "f1-score": 0.8532467532467533,
      "support": 776.0
    },
    "3": {
      "precision": 0.9326923076923077,
      "recall": 0.782258064516129,
      "f1-score": 0.8508771929824561,
      "support": 372.0
    },
    "4": {
      "precision": 0.8868778280542986,
      "recall": 0.7382297551789078,
      "f1-score": 0.8057553956834532,
      "support": 531.0
    },
    "5": {
      "precision": 0.7526959022286125,
      "recall": 0.9348214285714286,
      "f1-score": 0.8339307048984468,
      "support": 1120.0
    },
    "6": {
      "precision": 0.8682432432432432,
      "recall": 0.7406340057636888,
      "f1-score": 0.7993779160186625,
      "support": 347.0
    },
    "accuracy": 0.8291062801932367,
    "macro avg": {
      "precision": 0.8873823481989487,
      "recall": 0.7490076525799035,
      "f1-score": 0.8024124895250846,
      "support": 3312.0
    },
    "weighted avg": {
      "precision": 0.8417222440518617,
      "recall": 0.8291062801932367,
      "f1-score": 0.8278625913713071,
      "support": 3312.0
    }
  },
  "test_confusion_matrix": [
    [
      24,
      0,
      1,
      1,
      1,
      15,
      0
    ],
    [
      0,
      78,
      13,
      2,
      2,
      26,
      3
    ],
    [
      0,
      3,
      657,
      3,
      10,
      84,
      19
    ],
    [
      0,
      0,
      13,
      291,
      6,
      57,
      5
    ],
    [
      1,
      0,
      25,
      5,
      392,
      106,
      2
    ],
    [
      0,
      1,
      34,
      5,
      23,
      1047,
      10
    ],
    [
      0,
      0,
      21,
      5,
      8,
      56,
      257
    ]
  ],
  "wilcoxon_p_value": 0.0625
}