topic_id,cluster_id,topic_vocab_entropy,topic_noise_ratio,topic_snr,topic_vocab_size,topic_avg_overlap,topic_max_overlap,coherence,relevance,coverage,quality_score,verification_passed
1,0,4.906890595608519,0.7333333333333333,0.36363636363636365,30,0.15384615384615385,0.15384615384615385,4,3,4,3.6666666666666665,True
1,1,4.906890595608519,0.7333333333333333,0.36363636363636365,30,0.15384615384615385,0.15384615384615385,4,3,4,3.6666666666666665,True
0,0,4.906890595608519,0.7333333333333333,0.36363636363636365,30,0.15384615384615385,0.15384615384615385,4,3,4,3.6666666666666665,True
0,1,4.906890595608519,0.7333333333333333,0.36363636363636365,30,0.15384615384615385,0.15384615384615385,4,3,4,3.6666666666666665,True
