{
  "timestamp": "2025-11-01T20:53:16.950485",
  "model_type": "XGBoost",
  "kge_model_type": "complex",
  "embedding_dim": 128,
  "classification_type": "multiclass",
  "best_params": {
    "subsample": 1.0,
    "n_estimators": 100,
    "min_child_weight": 1,
    "max_depth": 10,
    "learning_rate": 0.2,
    "gamma": 0.1,
    "colsample_bytree": 0.8
  },
  "cv_results": {
    "best_score": -0.5559036743174102,
    "best_params": {
      "subsample": 1.0,
      "n_estimators": 100,
      "min_child_weight": 1,
      "max_depth": 10,
      "learning_rate": 0.2,
      "gamma": 0.1,
      "colsample_bytree": 0.8
    }
  },
  "test_metrics": {
    "accuracy": 0.8753019323671497,
    "logloss": 0.40113129057193786,
    "classification_report": {
      "0": {
        "precision": 0.9655172413793104,
        "recall": 0.6666666666666666,
        "f1-score": 0.7887323943661971,
        "support": 42.0
      },
      "1": {
        "precision": 0.9603960396039604,
        "recall": 0.782258064516129,
        "f1-score": 0.8622222222222222,
        "support": 124.0
      },
      "2": {
        "precision": 0.9118825100133512,
        "recall": 0.8801546391752577,
        "f1-score": 0.8957377049180328,
        "support": 776.0
      },
      "3": {
        "precision": 0.930635838150289,
        "recall": 0.8655913978494624,
        "f1-score": 0.8969359331476323,
        "support": 372.0
      },
      "4": {
        "precision": 0.9229122055674518,
        "recall": 0.8116760828625236,
        "f1-score": 0.8637274549098196,
        "support": 531.0
      },
      "5": {
        "precision": 0.803921568627451,
        "recall": 0.9517857142857142,
        "f1-score": 0.8716271463614064,
        "support": 1120.0
      },
      "6": {
        "precision": 0.9251700680272109,
        "recall": 0.7838616714697406,
        "f1-score": 0.8486739469578783,
        "support": 347.0
      },
      "accuracy": 0.8753019323671497,
      "macro avg": {
        "precision": 0.9172050673384321,
        "recall": 0.8202848909750706,
        "f1-score": 0.8610938289833128,
        "support": 3312.0
      },
      "weighted avg": {
        "precision": 0.8831373020035007,
        "recall": 0.8753019323671497,
        "f1-score": 0.8750442283642879,
        "support": 3312.0
      }
    },
    "confusion_matrix": [
      [
        28,
        0,
        2,
        1,
        3,
        8,
        0
      ],
      [
        0,
        97,
        8,
        0,
        2,
        16,
        1
      ],
      [
        0,
        2,
        683,
        5,
        4,
        74,
        8
      ],
      [
        0,
        0,
        7,
        322,
        11,
        32,
        0
      ],
      [
        1,
        0,
        7,
        3,
        431,
        83,
        6
      ],
      [
        0,
        2,
        23,
        10,
        12,
        1066,
        7
      ],
      [
        0,
        0,
        19,
        5,
        4,
        47,
        272
      ]
    ],
    "per_class_metrics": {
      "0": {
        "accuracy": 0.6666666666666666,
        "error": 0.33333333333333337,
        "samples": 42
      },
      "1": {
        "accuracy": 0.782258064516129,
        "error": 0.217741935483871,
        "samples": 124
      },
      "2": {
        "accuracy": 0.8801546391752577,
        "error": 0.11984536082474229,
        "samples": 776
      },
      "3": {
        "accuracy": 0.8655913978494624,
        "error": 0.13440860215053763,
        "samples": 372
      },
      "4": {
        "accuracy": 0.8116760828625236,
        "error": 0.18832391713747643,
        "samples": 531
      },
      "5": {
        "accuracy": 0.9517857142857142,
        "error": 0.048214285714285765,
        "samples": 1120
      },
      "6": {
        "accuracy": 0.7838616714697406,
        "error": 0.21613832853025938,
        "samples": 347
      }
    },
    "mean_per_class_error": 0.1797151090249294,
    "auc_metrics": {
      "roc_auc_macro": 0.9808752848801605
    }
  }
}