{
  "kge_model_type": "convkb",
  "kge_search_type": "smart",
  "kge_embedding_dim": 8,
  "kge_metrics": {
    "train_mrr": 0.292314350605011,
    "test_mrr": 0.022732345387339592,
    "train_test_gap": 0.2695820052176714
  },
  "selection_criterion": "downstream_auc",
  "best_classifier_params": {
    "subsample": 1.0,
    "n_estimators": 100,
    "min_child_weight": 1,
    "max_depth": 10,
    "learning_rate": 0.2,
    "gamma": 0.1,
    "colsample_bytree": 0.8
  },
  "cv_results": {
    "fold_accuracies": [
      0.8345410628019324,
      0.8484299516908212,
      0.8466183574879227,
      0.8333333333333334,
      0.8387681159420289,
      0.8484299516908212,
      0.8381642512077294,
      0.8514492753623188,
      0.8435990338164251,
      0.8628398791540786
    ],
    "fold_aucs": [
      0.9639912952815092,
      0.9705252439642899,
      0.9749588113466385,
      0.9664460620564839,
      0.9658604504137213,
      0.9686802056309789,
      0.9639197673706468,
      0.9706492521431096,
      0.9755159639389931,
      0.970242565832094
    ],
    "fold_logloss": [
      0.535879277129808,
      0.5155805111076414,
      0.5032748830925985,
      0.5422119407085252,
      0.5221300725993634,
      0.5121531044645617,
      0.5258915513627174,
      0.5021809982357313,
      0.4956875240613019,
      0.48999672197521293
    ],
    "fold_mean_per_class_error": [
      0.23358509089239582,
      0.1742442628516802,
      0.22141188787398405,
      0.24870549941227976,
      0.2128746323919641,
      0.20837455035764402,
      0.24900734213420256,
      0.2134440642805118,
      0.18885452522653295,
      0.21167729381183115
    ],
    "mean_accuracy": 0.8446173212487412,
    "std_accuracy": 0.00847092234624256,
    "ci_accuracy": [
      0.83822980202823,
      0.8510048404692524
    ],
    "mean_auc": 0.9690789617978466,
    "std_auc": 0.0038970599980113997,
    "ci_auc": [
      0.9661403744016553,
      0.9720175491940378
    ],
    "mean_logloss": 0.5144986584737461,
    "std_logloss": 0.0162842468128403,
    "mean_mpce": 0.21621791492330264,
    "std_mpce": 0.022518294331695547
  },
  "test_accuracy": 0.8357487922705314,
  "test_auc": 0.9671879970174719,
  "test_logloss": 0.5361083484251924,
  "test_mpce": 0.23484040368729334,
  "test_classification_report": {
    "0": {
      "precision": 1.0,
      "recall": 0.6666666666666666,
      "f1-score": 0.8,
      "support": 42.0
    },
    "1": {
      "precision": 0.9518072289156626,
      "recall": 0.6370967741935484,
      "f1-score": 0.7632850241545893,
      "support": 124.0
    },
    "2": {
      "precision": 0.8513853904282116,
      "recall": 0.8711340206185567,
      "f1-score": 0.8611464968152867,
      "support": 776.0
    },
    "3": {
      "precision": 0.9093655589123867,
      "recall": 0.8091397849462365,
      "f1-score": 0.8563300142247511,
      "support": 372.0
    },
    "4": {
      "precision": 0.8514644351464435,
      "recall": 0.7664783427495292,
      "f1-score": 0.8067393458870169,
      "support": 531.0
    },
    "5": {
      "precision": 0.7812734082397004,
      "recall": 0.93125,
      "f1-score": 0.8496945010183299,
      "support": 1120.0
    },
    "6": {
      "precision": 0.8897338403041825,
      "recall": 0.6743515850144092,
      "f1-score": 0.7672131147540984,
      "support": 347.0
    },
    "accuracy": 0.8357487922705314,
    "macro avg": {
      "precision": 0.8907185517066553,
      "recall": 0.7651595963127067,
      "f1-score": 0.8149154995505817,
      "support": 3312.0
    },
    "weighted avg": {
      "precision": 0.8438631105525422,
      "recall": 0.8357487922705314,
      "f1-score": 0.8337292193362459,
      "support": 3312.0
    }
  },
  "test_confusion_matrix": [
    [
      28,
      0,
      2,
      1,
      0,
      11,
      0
    ],
    [
      0,
      79,
      16,
      3,
      8,
      16,
      2
    ],
    [
      0,
      2,
      676,
      5,
      15,
      68,
      10
    ],
    [
      0,
      0,
      11,
      301,
      10,
      46,
      4
    ],
    [
      0,
      1,
      26,
      5,
      407,
      90,
      2
    ],
    [
      0,
      1,
      28,
      11,
      26,
      1043,
      11
    ],
    [
      0,
      0,
      35,
      5,
      12,
      61,
      234
    ]
  ],
  "wilcoxon_p_value": 0.3125
}