{
  "timestamp": "2025-09-21T16:29:55.545921",
  "model_info": {
    "kge_model": "transe",
    "classifier": "XGBoost",
    "is_binary_classification": false
  },
  "best_parameters": {
    "subsample": 0.8,
    "reg_lambda": 1,
    "reg_alpha": 0,
    "n_estimators": 150,
    "max_depth": 10,
    "learning_rate": 0.1,
    "colsample_bytree": 0.8
  },
  "test_metrics": {
    "accuracy": 0.8894927536231884,
    "logloss": 0.3548831853574949,
    "mean_per_class_error": 0.15062524039253336,
    "n_classes": 7
  },
  "auc_metrics": {
    "roc_auc_macro": 0.9842484667234918,
    "per_class_auc": [
      0.9720984418232125,
      0.9925274213785568,
      0.9837713218316042,
      0.9897291712383879,
      0.9799493604368085,
      0.9838703239051094,
      0.9877932264507632
    ]
  },
  "confusion_matrix": [
    [
      32,
      0,
      0,
      0,
      0,
      10,
      0
    ],
    [
      0,
      100,
      4,
      1,
      0,
      14,
      5
    ],
    [
      0,
      4,
      697,
      7,
      4,
      56,
      8
    ],
    [
      1,
      0,
      10,
      326,
      5,
      28,
      2
    ],
    [
      0,
      1,
      10,
      7,
      441,
      67,
      5
    ],
    [
      1,
      3,
      22,
      6,
      21,
      1065,
      2
    ],
    [
      0,
      2,
      16,
      1,
      7,
      36,
      285
    ]
  ],
  "classification_report": {
    "0": {
      "precision": 0.9411764705882353,
      "recall": 0.7619047619047619,
      "f1-score": 0.8421052631578947,
      "support": 42.0
    },
    "1": {
      "precision": 0.9090909090909091,
      "recall": 0.8064516129032258,
      "f1-score": 0.8547008547008547,
      "support": 124.0
    },
    "2": {
      "precision": 0.9183135704874835,
      "recall": 0.8981958762886598,
      "f1-score": 0.9081433224755701,
      "support": 776.0
    },
    "3": {
      "precision": 0.9367816091954023,
      "recall": 0.8763440860215054,
      "f1-score": 0.9055555555555556,
      "support": 372.0
    },
    "4": {
      "precision": 0.9225941422594143,
      "recall": 0.8305084745762712,
      "f1-score": 0.8741328047571854,
      "support": 531.0
    },
    "5": {
      "precision": 0.8346394984326019,
      "recall": 0.9508928571428571,
      "f1-score": 0.8889816360601002,
      "support": 1120.0
    },
    "6": {
      "precision": 0.9283387622149837,
      "recall": 0.8213256484149856,
      "f1-score": 0.8715596330275229,
      "support": 347.0
    },
    "accuracy": 0.8894927536231884,
    "macro avg": {
      "precision": 0.9129907088955758,
      "recall": 0.8493747596074667,
      "f1-score": 0.8778827242478119,
      "support": 3312.0
    },
    "weighted avg": {
      "precision": 0.893773566450428,
      "recall": 0.8894927536231884,
      "f1-score": 0.8892488998542194,
      "support": 3312.0
    }
  },
  "top_cv_results": [
    {
      "rank": 1,
      "mean_score": -0.4549412417285006,
      "std_score": 0.013732624687296262,
      "params": {
        "subsample": 0.8,
        "reg_lambda": 1,
        "reg_alpha": 0,
        "n_estimators": 150,
        "max_depth": 10,
        "learning_rate": 0.1,
        "colsample_bytree": 0.8
      }
    },
    {
      "rank": 2,
      "mean_score": -0.459603453509059,
      "std_score": 0.0122376682532506,
      "params": {
        "subsample": 0.8,
        "reg_lambda": 0.5,
        "reg_alpha": 1,
        "n_estimators": 450,
        "max_depth": 10,
        "learning_rate": 0.1,
        "colsample_bytree": 0.8
      }
    },
    {
      "rank": 3,
      "mean_score": -0.4686133048242576,
      "std_score": 0.008694362898080307,
      "params": {
        "subsample": 0.6,
        "reg_lambda": 0,
        "reg_alpha": 1,
        "n_estimators": 250,
        "max_depth": 6,
        "learning_rate": 0.1,
        "colsample_bytree": 0.8
      }
    },
    {
      "rank": 4,
      "mean_score": -0.49294096559259176,
      "std_score": 0.01502386308035065,
      "params": {
        "subsample": 0.8,
        "reg_lambda": 0.5,
        "reg_alpha": 0.5,
        "n_estimators": 150,
        "max_depth": 10,
        "learning_rate": 0.3,
        "colsample_bytree": 0.8
      }
    },
    {
      "rank": 5,
      "mean_score": -0.5119384299195545,
      "std_score": 0.00941643055451048,
      "params": {
        "subsample": 0.4,
        "reg_lambda": 0.5,
        "reg_alpha": 1,
        "n_estimators": 150,
        "max_depth": 6,
        "learning_rate": 0.3,
        "colsample_bytree": 0.8
      }
    }
  ]
}