{
  "kge_model_type": "complex",
  "kge_search_type": "smart",
  "kge_embedding_dim": 24,
  "kge_metrics": {
    "train_mrr": 0.5379732251167297,
    "test_mrr": 0.10038324445486069,
    "train_test_gap": 0.43758998066186905
  },
  "selection_criterion": "downstream_auc",
  "best_classifier_params": {
    "subsample": 1.0,
    "n_estimators": 100,
    "min_child_weight": 1,
    "max_depth": 10,
    "learning_rate": 0.2,
    "gamma": 0.1,
    "colsample_bytree": 0.8
  },
  "cv_results": {
    "fold_accuracies": [
      0.8623188405797102,
      0.8725845410628019,
      0.8774154589371981,
      0.8605072463768116,
      0.8780193236714976,
      0.8798309178743962,
      0.8786231884057971,
      0.8774154589371981,
      0.8689613526570048,
      0.8858006042296073
    ],
    "fold_aucs": [
      0.9776446198278033,
      0.9816793035868223,
      0.9794487455263147,
      0.9739767680344136,
      0.9788652426774712,
      0.9792549786638384,
      0.9815634497778444,
      0.9794708519630773,
      0.98337258931309,
      0.9794263071206899
    ],
    "fold_logloss": [
      0.44679846530024314,
      0.4023304679120389,
      0.40656587316363246,
      0.4415407599207348,
      0.41823448976977234,
      0.40236721684875293,
      0.40673086187449015,
      0.39999464225696074,
      0.40551190818133487,
      0.3824531779737601
    ],
    "fold_mean_per_class_error": [
      0.187071960225897,
      0.14476289960716088,
      0.1766426939236598,
      0.20195453115958736,
      0.1695181741278105,
      0.1711920208507709,
      0.1991460343227715,
      0.18749768265630426,
      0.15583897696189045,
      0.1676596395921874
    ],
    "mean_accuracy": 0.8741476932732022,
    "std_accuracy": 0.007614398600780432,
    "ci_accuracy": [
      0.8684060378280083,
      0.8798893487183961
    ],
    "mean_auc": 0.9794702856491366,
    "std_auc": 0.0024169338878615248,
    "ci_auc": [
      0.9776477908802798,
      0.9812927804179935
    ],
    "mean_logloss": 0.411252786320172,
    "std_logloss": 0.018492424986294963,
    "mean_mpce": 0.176128461342804,
    "std_mpce": 0.017266514608837248
  },
  "test_accuracy": 0.8674516908212561,
  "test_auc": 0.9772156479436187,
  "test_logloss": 0.4316270129041828,
  "test_mpce": 0.1928377095401177,
  "test_classification_report": {
    "0": {
      "precision": 0.967741935483871,
      "recall": 0.7142857142857143,
      "f1-score": 0.821917808219178,
      "support": 42.0
    },
    "1": {
      "precision": 0.9555555555555556,
      "recall": 0.6935483870967742,
      "f1-score": 0.8037383177570093,
      "support": 124.0
    },
    "2": {
      "precision": 0.9070385126162018,
      "recall": 0.8801546391752577,
      "f1-score": 0.8933943754087639,
      "support": 776.0
    },
    "3": {
      "precision": 0.948948948948949,
      "recall": 0.8494623655913979,
      "f1-score": 0.8964539007092198,
      "support": 372.0
    },
    "4": {
      "precision": 0.8823529411764706,
      "recall": 0.7909604519774012,
      "f1-score": 0.8341608738828202,
      "support": 531.0
    },
    "5": {
      "precision": 0.7977695167286245,
      "recall": 0.9580357142857143,
      "f1-score": 0.8705882352941177,
      "support": 1120.0
    },
    "6": {
      "precision": 0.9330985915492958,
      "recall": 0.7636887608069164,
      "f1-score": 0.8399366085578447,
      "support": 347.0
    },
    "accuracy": 0.8674516908212561,
    "macro avg": {
      "precision": 0.9132151431512813,
      "recall": 0.8071622904598824,
      "f1-score": 0.8514557314041362,
      "support": 3312.0
    },
    "weighted avg": {
      "precision": 0.87615381242354,
      "recall": 0.8674516908212561,
      "f1-score": 0.8666652283994163,
      "support": 3312.0
    }
  },
  "test_confusion_matrix": [
    [
      30,
      0,
      0,
      1,
      6,
      5,
      0
    ],
    [
      0,
      86,
      13,
      0,
      4,
      20,
      1
    ],
    [
      0,
      1,
      683,
      2,
      11,
      69,
      10
    ],
    [
      0,
      0,
      7,
      316,
      8,
      37,
      4
    ],
    [
      1,
      0,
      15,
      3,
      420,
      92,
      0
    ],
    [
      0,
      1,
      15,
      7,
      20,
      1073,
      4
    ],
    [
      0,
      2,
      20,
      4,
      7,
      49,
      265
    ]
  ],
  "wilcoxon_p_value": 0.06788915486182899
}