{
  "timestamp": "2025-10-31T22:58:30.059894",
  "model_path": "../data/triples_emb/amazon_2iter/transe_model.pkl",
  "mappings_path": "../data/triples_emb/amazon_2iter/transe_mappings.pkl",
  "metrics": {
    "model_type": "transe",
    "model_name": "TransE",
    "embedding_dim": 192,
    "num_entities": 8464,
    "num_relations": 2320,
    "training_triples": 11178,
    "testing_triples": 2795,
    "evaluation": {
      "hits_at_1": 0.2152057245080501,
      "hits_at_3": 0.267262969588551,
      "hits_at_10": 0.30214669051878357,
      "mrr": 0.249235212802887,
      "mr": 1420.7476806640625
    },
    "grid_search_score": 0.249235212802887,
    "grid_search_results": [
      {
        "model_type": "transe",
        "model_name": "TransE",
        "embedding_dim": 128,
        "num_entities": 8464,
        "num_relations": 2320,
        "training_triples": 11178,
        "testing_triples": 2795,
        "evaluation": {
          "hits_at_1": 0.2146690518783542,
          "hits_at_3": 0.2640429338103757,
          "hits_at_10": 0.3023255813953488,
          "mrr": 0.2475738376379013,
          "mr": 1428.2567138671875
        },
        "grid_search_score": 0.2475738376379013
      },
      