{
  "timestamp": "2025-10-31T21:32:28.790313",
  "model_path": "../data/triples_emb/bbc_2iter/transe_model.pkl",
  "mappings_path": "../data/triples_emb/bbc_2iter/transe_mappings.pkl",
  "metrics": {
    "model_type": "transe",
    "model_name": "TransE",
    "embedding_dim": 128,
    "num_entities": 12379,
    "num_relations": 2279,
    "training_triples": 12427,
    "testing_triples": 3107,
    "evaluation": {
      "hits_at_1": 0.46475700032185385,
      "hits_at_3": 0.5560025748310267,
      "hits_at_10": 0.6118442227228839,
      "mrr": 0.518497884273529,
      "mr": 1690.750244140625
    },
    "grid_search_score": 0.518497884273529,
    "grid_search_results": [
      