{
  "kge_model_type": "transe",
  "kge_embedding_dim": 48,
  "kge_metrics": {
    "mrr": 0.20088054239749908,
    "hits_at_1": 0,
    "hits_at_3": 0,
    "hits_at_10": 0
  },
  "kge_config": {
    "embedding_dim": 48,
    "learning_rate": 0.0001,
    "num_epochs": 80,
    "batch_size": 100,
    "scoring_fct_norm": 2,
    "regularizer_weight": 0.03,
    "model_name": "TransE",
    "model_type": "transe",
    "num_entities": 8464,
    "num_relations": 2320,
    "training_triples": 11877,
    "testing_triples": 13973,
    "train_evaluation": {
      "mrr": 0.22619359195232389,
      "hits_at_1": 0.051486065504757095,
      "hits_at_10": 0.47107855519070474
    },
    "val_evaluation": {
      "mrr": 0.05506230518221855,
      "hits_at_1": 0.015505725190839694,
      "hits_at_10": 0.11092557251908397
    },
    "train_test_gap": 0.0253130495548248,
    "val_test_gap": -0.14581823721528053,
    "mrr_score": 0.20088054239749908,
    "actual_epochs": 80,
    "early_stopped": false,
    "best_mrr_score": 0.20088054239749908,
    "best_hyperparams": {
      "embedding_dim": 48,
      "learning_rate": 0.0001,
      "num_epochs": 80,
      "batch_size": 100,
      "scoring_fct_norm": 2,
      "regularizer_weight": 0.03
    },
    "search_type": "smart",
    "total_configurations_tried": 1,
    "models_after_filtering": 1
  },
  "selection_criterion": "downstream_auc",
  "best_classifier_params": {
    "subsample": 0.8,
    "n_estimators": 300,
    "max_depth": 10,
    "learning_rate": 0.05,
    "colsample_bytree": 0.6
  },
  "cv_results": {
    "mean_accuracy": 0.7960358001646695,
    "std_accuracy": 0.006187902548039485,
    "ci_accuracy": [
      0.7913697974739726,
      0.8007018028553663
    ],
    "variance_accuracy": 3.829013794403354e-05,
    "mean_auc": 0.9115601207720575,
    "std_auc": 0.00621518964133621,
    "ci_auc": [
      0.906873542183509,
      0.916246699360606
    ],
    "mean_logloss": 0.34088511546416644,
    "std_logloss": 0.015986495579153676,
    "ci_logloss": [
      0.3288304603030605,
      0.3529397706252724
    ],
    "mean_mpce": 0.1962589716740774,
    "std_mpce": 0.009654896515566955,
    "ci_mpce": [
      0.1889786739043091,
      0.2035392694438457
    ],
    "fold_accuracies": [
      0.7890835579514824,
      0.8044504383007417,
      0.8024275118004046,
      0.7902899527983817,
      0.8004045853000674,
      0.7896156439649359,
      0.7983816587997303,
      0.799055967633176,
      0.8004045853000674,
      0.7862440997977074
    ],
    "fold_aucs": [
      0.9130631347935988,
      0.9218221845831226,
      0.9197581443435031,
      0.9038654011130418,
      0.9182091976272703,
      0.9084361687307069,
      0.9041385289955493,
      0.906837729042476,
      0.9124084380018037,
      0.9070622804895038
    ],
    "fold_logloss": [
      0.3377822021842816,
      0.3184106666702288,
      0.3174714495652887,
      0.3547963443216725,
      0.3210702572977829,
      0.3497210959250857,
      0.3563885001702121,
      0.3610740535450588,
      0.33810438987472224,
      0.35403219508733075
    ],
    "fold_mean_per_class_error": [
      0.22057824903585505,
      0.1858011995629954,
      0.1897010624491322,
      0.20049327995424648,
      0.19047920195332257,
      0.20087272607289763,
      0.19221787172888116,
      0.19099796162278293,
      0.18975880424979652,
      0.20168936011086425
    ],
    "cv_scores": [
      0.7890835579514824,
      0.8044504383007417,
      0.8024275118004046,
      0.7902899527983817,
      0.8004045853000674,
      0.7896156439649359,
      0.7983816587997303,
      0.799055967633176,
      0.8004045853000674,
      0.7862440997977074
    ]
  },
  "test_accuracy": 0.797438490057297,
  "test_auc": 0.9125008815143912,
  "test_logloss": 0.3491170945416046,
  "test_mpce": 0.1938326505603684,
  "test_classification_report": {
    "0": {
      "precision": 0.7214369846878681,
      "recall": 0.9053954175905395,
      "f1-score": 0.8030154047853163,
      "support": 1353.0
    },
    "1": {
      "precision": 0.8991331757289204,
      "recall": 0.7069392812887236,
      "f1-score": 0.7915365938258758,
      "support": 1614.0
    },
    "accuracy": 0.797438490057297,
    "macro avg": {
      "precision": 0.8102850802083943,
      "recall": 0.8061673494396315,
      "f1-score": 0.797275999305596,
      "support": 2967.0
    },
    "weighted avg": {
      "precision": 0.8181008378527681,
      "recall": 0.797438490057297,
      "f1-score": 0.7967711173270969,
      "support": 2967.0
    }
  },
  "test_confusion_matrix": [
    [
      1225,
      128
    ],
    [
      473,
      1141
    ]
  ],
  "wilcoxon_p_value": 0.625
}