{
  "kge_model_type": "transe",
  "kge_search_type": "smart",
  "kge_embedding_dim": 32,
  "ces_applied": false,
  "ces_alpha": null,
  "kge_metrics": {
    "pre_ces": {
      "train": {
        "mrr": 0.7189955711364746,
        "hits_at_1": 0.5789410155306993,
        "hits_at_10": 0.9223465035809125
      },
      "test": {
        "mrr": 0.33015090227127075,
        "hits_at_1": 0.26295461860315417,
        "hits_at_10": 0.47119407788863854
      },
      "gap": 0.38884466886520386
    },
    "post_ces": null,
    "gap_improvement": null,
    "final_train_mrr": 0.7189955711364746,
    "final_test_mrr": 0.33015090227127075,
    "final_train_test_gap": 0.38884466886520386
  },
  "selection_criterion": "downstream_auc",
  "best_classifier_params": {
    "subsample": 1.0,
    "n_estimators": 100,
    "min_child_weight": 1,
    "max_depth": 10,
    "learning_rate": 0.2,
    "gamma": 0.1,
    "colsample_bytree": 0.8
  },
  "cv_results": {
    "fold_accuracies": [
      0.8840579710144928,
      0.893719806763285,
      0.8888888888888888,
      0.8852657004830918,
      0.8955314009661836,
      0.8943236714975845,
      0.9027777777777778,
      0.8997584541062802,
      0.8961352657004831,
      0.8996978851963746
    ],
    "fold_aucs": [
      0.9826162010664377,
      0.9886162649832899,
      0.9848590296221437,
      0.9818212881052213,
      0.9839741589244213,
      0.9844448654637502,
      0.9842715558592527,
      0.9846367840489352,
      0.9898627552999992,
      0.9870116102926408
    ],
    "fold_logloss": [
      0.36691244132950074,
      0.3281767727694785,
      0.3685437762443959,
      0.37475032424874033,
      0.34626170926290467,
      0.33188636256249643,
      0.33861866579928795,
      0.340495607334713,
      0.3185254305087823,
      0.304237457917958
    ],
    "fold_mean_per_class_error": [
      0.15591379504878988,
      0.11617348620100022,
      0.16523752548253196,
      0.1703360640291043,
      0.15243619265373407,
      0.15427474985291142,
      0.1603005544949827,
      0.1518554828676392,
      0.12368055568848399,
      0.1500816936770197
    ],
    "mean_accuracy": 0.8940156822394443,
    "std_accuracy": 0.005924658791895939,
    "ci_accuracy": [
      0.889548179131593,
      0.8984831853472955
    ],
    "mean_auc": 0.9852114513666091,
    "std_auc": 0.002411490845393389,
    "ci_auc": [
      0.9833930609369212,
      0.987029841796297
    ],
    "mean_logloss": 0.3418408547978258,
    "std_logloss": 0.02167907588307666,
    "mean_mpce": 0.15002900999961974,
    "std_mpce": 0.016283144223859278
  },
  "test_accuracy": 0.8894927536231884,
  "test_auc": 0.983989541710366,
  "test_logloss": 0.3498552626324286,
  "test_mpce": 0.1506763267116463,
  "test_classification_report": {
    "0": {
      "precision": 0.9428571428571428,
      "recall": 0.7857142857142857,
      "f1-score": 0.8571428571428571,
      "support": 42.0
    },
    "1": {
      "precision": 0.9320388349514563,
      "recall": 0.7741935483870968,
      "f1-score": 0.8458149779735683,
      "support": 124.0
    },
    "2": {
      "precision": 0.9141347424042272,
      "recall": 0.8917525773195877,
      "f1-score": 0.9028049575994781,
      "support": 776.0
    },
    "3": {
      "precision": 0.9619883040935673,
      "recall": 0.8844086021505376,
      "f1-score": 0.9215686274509803,
      "support": 372.0
    },
    "4": {
      "precision": 0.9085239085239085,
      "recall": 0.8229755178907722,
      "f1-score": 0.8636363636363636,
      "support": 531.0
    },
    "5": {
      "precision": 0.8341121495327103,
      "recall": 0.95625,
      "f1-score": 0.8910149750415973,
      "support": 1120.0
    },
    "6": {
      "precision": 0.9290322580645162,
      "recall": 0.829971181556196,
      "f1-score": 0.8767123287671232,
      "support": 347.0
    },
    "accuracy": 0.8894927536231884,
    "macro avg": {
      "precision": 0.9175267629182182,
      "recall": 0.8493236732883538,
      "f1-score": 0.8798135839445668,
      "support": 3312.0
    },
    "weighted avg": {
      "precision": 0.8941446320089632,
      "recall": 0.8894927536231884,
      "f1-score": 0.8891993034412354,
      "support": 3312.0
    }
  },
  "test_confusion_matrix": [
    [
      33,
      0,
      0,
      1,
      0,
      8,
      0
    ],
    [
      0,
      96,
      7,
      1,
      4,
      14,
      2
    ],
    [
      0,
      3,
      692,
      2,
      12,
      60,
      7
    ],
    [
      0,
      0,
      6,
      329,
      6,
      27,
      4
    ],
    [
      1,
      0,
      17,
      2,
      437,
      70,
      4
    ],
    [
      1,
      2,
      20,
      6,
      15,
      1071,
      5
    ],
    [
      0,
      2,
      15,
      1,
      7,
      34,
      288
    ]
  ],
  "wilcoxon_p_value": 0.0625
}