{
  "kge_model_type": "convkb",
  "kge_search_type": "smart",
  "kge_embedding_dim": 12,
  "ces_applied": false,
  "ces_alpha": null,
  "kge_metrics": {
    "pre_ces": {
      "train": {
        "mrr": 0.5542175769805908,
        "hits_at_1": 0.43089103596349976,
        "hits_at_10": 0.796430488459474
      },
      "test": {
        "mrr": 0.03390544652938843,
        "hits_at_1": 0.014753218884120171,
        "hits_at_10": 0.06598712446351931
      },
      "gap": 0.5203121304512024
    },
    "post_ces": null,
    "gap_improvement": null,
    "final_train_mrr": 0.5542175769805908,
    "final_test_mrr": 0.03390544652938843,
    "final_train_test_gap": 0.5203121304512024
  },
  "selection_criterion": "downstream_auc",
  "best_classifier_params": {
    "subsample": 1.0,
    "n_estimators": 100,
    "min_child_weight": 1,
    "max_depth": 10,
    "learning_rate": 0.2,
    "gamma": 0.1,
    "colsample_bytree": 0.8
  },
  "cv_results": {
    "fold_accuracies": [
      0.8156312625250501,
      0.8356713426853707,
      0.8226452905811623,
      0.8276553106212425,
      0.844689378757515,
      0.8156312625250501,
      0.8336673346693386,
      0.811623246492986,
      0.802407221664995,
      0.8335005015045135
    ],
    "fold_aucs": [
      0.963486356565535,
      0.9729084961296814,
      0.9675442007839647,
      0.9703061112814091,
      0.9763494557981526,
      0.961917279932492,
      0.9745749943044748,
      0.9690438547743858,
      0.9662951518163141,
      0.9734441243530858
    ],
    "fold_logloss": [
      0.6362557202781151,
      0.5644886019671553,
      0.5982426370024314,
      0.5797368762870563,
      0.5363687752796346,
      0.631336489352999,
      0.5619547600131458,
      0.616778858686895,
      0.6216608462697043,
      0.5614578910936785
    ],
    "fold_mean_per_class_error": [
      0.23750091971681345,
      0.19136720796817658,
      0.21921905974881872,
      0.22098626348828032,
      0.18713913020745826,
      0.2327102476458363,
      0.19047820835522167,
      0.22999352277721388,
      0.2335382809442291,
      0.2029233790682749
    ],
    "mean_accuracy": 0.8243122152027225,
    "std_accuracy": 0.01233577281472053,
    "ci_accuracy": [
      0.8150103962586688,
      0.8336140341467762
    ],
    "mean_auc": 0.9695870025739495,
    "std_auc": 0.004564915306104526,
    "ci_auc": [
      0.9661448172881073,
      0.9730291878597916
    ],
    "mean_logloss": 0.5908281456230815,
    "std_logloss": 0.03295839066500706,
    "mean_mpce": 0.2145856219920323,
    "std_mpce": 0.01876762247385791
  },
  "test_accuracy": 0.8161322645290581,
  "test_auc": 0.9665842903788815,
  "test_logloss": 0.6263339484260453,
  "test_mpce": 0.23026032644704153,
  "test_classification_report": {
    "0": {
      "precision": 0.84688995215311,
      "recall": 0.815668202764977,
      "f1-score": 0.8309859154929577,
      "support": 217.0
    },
    "1": {
      "precision": 0.9130434782608695,
      "recall": 0.5454545454545454,
      "f1-score": 0.6829268292682927,
      "support": 77.0
    },
    "2": {
      "precision": 0.7721774193548387,
      "recall": 0.8804597701149425,
      "f1-score": 0.8227712137486574,
      "support": 435.0
    },
    "3": {
      "precision": 0.9746835443037974,
      "recall": 0.7549019607843137,
      "f1-score": 0.850828729281768,
      "support": 102.0
    },
    "4": {
      "precision": 0.8527315914489311,
      "recall": 0.8713592233009708,
      "f1-score": 0.8619447779111644,
      "support": 412.0
    },
    "5": {
      "precision": 0.7808641975308642,
      "recall": 0.840531561461794,
      "f1-score": 0.8096,
      "support": 301.0
    },
    "6": {
      "precision": 0.7608695652173914,
      "recall": 0.7852564102564102,
      "f1-score": 0.7728706624605678,
      "support": 312.0
    },
    "7": {
      "precision": 0.9393939393939394,
      "recall": 0.6642857142857143,
      "f1-score": 0.7782426778242678,
      "support": 140.0
    },
    "accuracy": 0.8161322645290581,
    "macro avg": {
      "precision": 0.8550817109579677,
      "recall": 0.7697396735529585,
      "f1-score": 0.8012713507484595,
      "support": 1996.0
    },
    "weighted avg": {
      "precision": 0.8239811429751409,
      "recall": 0.8161322645290581,
      "f1-score": 0.8148796532893443,
      "support": 1996.0
    }
  },
  "test_confusion_matrix": [
    [
      177,
      3,
      13,
      0,
      5,
      6,
      12,
      1
    ],
    [
      4,
      42,
      8,
      0,
      6,
      7,
      9,
      1
    ],
    [
      5,
      0,
      383,
      1,
      15,
      17,
      12,
      2
    ],
    [
      3,
      0,
      6,
      77,
      4,
      1,
      10,
      1
    ],
    [
      5,
      1,
      26,
      0,
      359,
      11,
      9,
      1
    ],
    [
      4,
      0,
      20,
      0,
      10,
      253,
      14,
      0
    ],
    [
      8,
      0,
      25,
      0,
      16,
      18,
      245,
      0
    ],
    [
      3,
      0,
      15,
      1,
      6,
      11,
      11,
      93
    ]
  ],
  "wilcoxon_p_value": 0.06788915486182899
}