{
  "kge_model_type": "transe",
  "kge_search_type": "smart",
  "kge_embedding_dim": 32,
  "ces_applied": false,
  "ces_alpha": null,
  "kge_metrics": {
    "pre_ces": {
      "train": {
        "mrr": 0.6625323295593262,
        "hits_at_1": 0.5425836464483808,
        "hits_at_10": 0.8308284129540168
      },
      "test": {
        "mrr": 0.17320263385772705,
        "hits_at_1": 0.13595706618962433,
        "hits_at_10": 0.2372093023255814
      },
      "gap": 0.4893296957015991
    },
    "post_ces": null,
    "gap_improvement": null,
    "final_train_mrr": 0.6625323295593262,
    "final_test_mrr": 0.17320263385772705,
    "final_train_test_gap": 0.4893296957015991
  },
  "selection_criterion": "downstream_auc",
  "best_classifier_params": {
    "subsample": 1.0,
    "n_estimators": 100,
    "min_child_weight": 1,
    "max_depth": 10,
    "learning_rate": 0.2,
    "gamma": 0.1,
    "colsample_bytree": 0.8
  },
  "cv_results": {
    "fold_accuracies": [
      0.8921832884097035,
      0.9055967633175994,
      0.9028995279838166,
      0.9022252191503709,
      0.904248145650708,
      0.9035738368172623,
      0.8988536749831423,
      0.9103169251517195,
      0.9022252191503709,
      0.8894133513149022
    ],
    "fold_aucs": [
      0.9598637475999334,
      0.9697121342102755,
      0.9659680825322804,
      0.9702345600258098,
      0.9682539246093721,
      0.9664675949348525,
      0.9657114523071058,
      0.9681576882749316,
      0.9630021703584757,
      0.9634531063255682
    ],
    "fold_logloss": [
      0.2589446605815694,
      0.2220794857559732,
      0.23865294265406795,
      0.2215727942607996,
      0.22855798070768507,
      0.23561923602785426,
      0.2378895509352244,
      0.2281703810040851,
      0.24924903746308139,
      0.24606809370282076
    ],
    "fold_mean_per_class_error": [
      0.10769869989145936,
      0.09514565598351699,
      0.09762397072948975,
      0.09896394711950907,
      0.09614468078866134,
      0.09772478974652266,
      0.10182170798413293,
      0.08996814119061758,
      0.0977632842802989,
      0.11037574331111649
    ],
    "mean_accuracy": 0.9011535951929595,
    "std_accuracy": 0.005899801447238595,
    "ci_accuracy": [
      0.8967048358251969,
      0.905602354560722
    ],
    "mean_auc": 0.9660824461178604,
    "std_auc": 0.00307911395055455,
    "ci_auc": [
      0.9637606328916968,
      0.9684042593440241
    ],
    "mean_logloss": 0.23668041630931613,
    "std_logloss": 0.011524306251845784,
    "mean_mpce": 0.0993230621025325,
    "std_mpce": 0.005671216208918137
  },
  "test_accuracy": 0.8931580721267274,
  "test_auc": 0.9592795302741808,
  "test_logloss": 0.26153492733827743,
  "test_mpce": 0.10758551147525669,
  "test_classification_report": {
    "0": {
      "precision": 0.8820058997050148,
      "recall": 0.8839615668883961,
      "f1-score": 0.8829826504245109,
      "support": 1353.0
    },
    "1": {
      "precision": 0.9025450031036624,
      "recall": 0.9008674101610905,
      "f1-score": 0.9017054263565891,
      "support": 1614.0
    },
    "accuracy": 0.8931580721267274,
    "macro avg": {
      "precision": 0.8922754514043385,
      "recall": 0.8924144885247434,
      "f1-score": 0.89234403839055,
      "support": 2967.0
    },
    "weighted avg": {
      "precision": 0.8931788396731366,
      "recall": 0.8931580721267274,
      "f1-score": 0.8931675376352874,
      "support": 2967.0
    }
  },
  "test_confusion_matrix": [
    [
      1196,
      157
    ],
    [
      160,
      1454
    ]
  ],
  "wilcoxon_p_value": 1.0
}