{
  "kge_model_type": "distmult",
  "kge_search_type": "smart",
  "kge_embedding_dim": 20,
  "ces_applied": false,
  "ces_alpha": null,
  "kge_metrics": {
    "pre_ces": {
      "train": {
        "mrr": 0.39401936531066895,
        "hits_at_1": 0.36320109439124487,
        "hits_at_10": 0.4457230224511145
      },
      "test": {
        "mrr": 0.15932181477546692,
        "hits_at_1": 0.14322497586095911,
        "hits_at_10": 0.18925008046346958
      },
      "gap": 0.23469755053520203
    },
    "post_ces": null,
    "gap_improvement": null,
    "final_train_mrr": 0.39401936531066895,
    "final_test_mrr": 0.15932181477546692,
    "final_train_test_gap": 0.23469755053520203
  },
  "selection_criterion": "downstream_auc",
  "best_classifier_params": {
    "subsample": 1.0,
    "n_estimators": 100,
    "min_child_weight": 1,
    "max_depth": 10,
    "learning_rate": 0.2,
    "gamma": 0.1,
    "colsample_bytree": 0.8
  },
  "cv_results": {
    "fold_accuracies": [
      0.8629227053140096,
      0.8623188405797102,
      0.8677536231884058,
      0.8568840579710145,
      0.8665458937198067,
      0.857487922705314,
      0.8641304347826086,
      0.8671497584541062,
      0.8677536231884058,
      0.8755287009063444
    ],
    "fold_aucs": [
      0.9772921876685535,
      0.9788064823515684,
      0.9821826147012017,
      0.9743389483855946,
      0.9780539208772184,
      0.9767330829392812,
      0.9693831604335984,
      0.9787775330856786,
      0.9802639328822089,
      0.9776826271172394
    ],
    "fold_logloss": [
      0.4553697752436722,
      0.4412817269383915,
      0.4275653935050546,
      0.46609994684546485,
      0.45038745700826843,
      0.45864861976618543,
      0.45394645659494437,
      0.43141982239279975,
      0.43957517805621,
      0.4080404492308202
    ],
    "fold_mean_per_class_error": [
      0.1809279558747556,
      0.16681075032651668,
      0.19512130424444699,
      0.21583521911718068,
      0.18316455366988235,
      0.2095196667604717,
      0.2074088482998624,
      0.184512653425164,
      0.16041451144172053,
      0.17827559617300887
    ],
    "mean_accuracy": 0.8648475560809725,
    "std_accuracy": 0.005170657738026201,
    "ci_accuracy": [
      0.8609486092680582,
      0.8687465028938869
    ],
    "mean_auc": 0.9773514490442144,
    "std_auc": 0.003309552523733543,
    "ci_auc": [
      0.9748558730617459,
      0.979847025026683
    ],
    "mean_logloss": 0.4432334825581812,
    "std_logloss": 0.016475837232520447,
    "mean_mpce": 0.18819910593330097,
    "std_mpce": 0.017478500683679815
  },
  "test_accuracy": 0.8620169082125604,
  "test_auc": 0.9768043220737326,
  "test_logloss": 0.45453410019758195,
  "test_mpce": 0.20412091533774593,
  "test_classification_report": {
    "0": {
      "precision": 0.9285714285714286,
      "recall": 0.6190476190476191,
      "f1-score": 0.7428571428571429,
      "support": 42.0
    },
    "1": {
      "precision": 0.96875,
      "recall": 0.75,
      "f1-score": 0.8454545454545455,
      "support": 124.0
    },
    "2": {
      "precision": 0.8657289002557544,
      "recall": 0.8724226804123711,
      "f1-score": 0.8690629011553274,
      "support": 776.0
    },
    "3": {
      "precision": 0.936046511627907,
      "recall": 0.8655913978494624,
      "f1-score": 0.8994413407821229,
      "support": 372.0
    },
    "4": {
      "precision": 0.8846960167714885,
      "recall": 0.7947269303201506,
      "f1-score": 0.8373015873015873,
      "support": 531.0
    },
    "5": {
      "precision": 0.8181120491174213,
      "recall": 0.9517857142857142,
      "f1-score": 0.8799009492364837,
      "support": 1120.0
    },
    "6": {
      "precision": 0.8829787234042553,
      "recall": 0.7175792507204611,
      "f1-score": 0.7917329093799682,
      "support": 347.0
    },
    "accuracy": 0.8620169082125604,
    "macro avg": {
      "precision": 0.897840518535465,
      "recall": 0.7958790846622541,
      "f1-score": 0.8379644823095969,
      "support": 3312.0
    },
    "weighted avg": {
      "precision": 0.867026759016454,
      "recall": 0.8620169082125604,
      "f1-score": 0.8604616181342696,
      "support": 3312.0
    }
  },
  "test_confusion_matrix": [
    [
      26,
      0,
      3,
      1,
      4,
      8,
      0
    ],
    [
      0,
      93,
      12,
      0,
      4,
      11,
      4
    ],
    [
      0,
      2,
      677,
      5,
      16,
      64,
      12
    ],
    [
      1,
      0,
      12,
      322,
      6,
      30,
      1
    ],
    [
      1,
      0,
      27,
      7,
      422,
      68,
      6
    ],
    [
      0,
      0,
      23,
      4,
      17,
      1066,
      10
    ],
    [
      0,
      1,
      28,
      5,
      8,
      56,
      249
    ]
  ],
  "wilcoxon_p_value": 0.4375
}