{
  "kge_model_type": "distmult",
  "kge_search_type": "smart",
  "kge_embedding_dim": 64,
  "kge_metrics": {
    "train_mrr": 0.005397520959377289,
    "test_mrr": 0.0011138840345665812,
    "train_test_gap": 0.004283636924810708
  },
  "selection_criterion": "downstream_auc",
  "best_classifier_params": {
    "subsample": 1.0,
    "n_estimators": 100,
    "min_child_weight": 1,
    "max_depth": 10,
    "learning_rate": 0.2,
    "gamma": 0.1,
    "colsample_bytree": 0.8
  },
  "cv_results": {
    "fold_accuracies": [
      0.8436657681940701,
      0.8752528658125421,
      0.8597437626432907,
      0.8489548213081591,
      0.8496291301416049,
      0.8489548213081591,
      0.8469318948078219,
      0.8496291301416049,
      0.8644639244774106,
      0.8489548213081591
    ],
    "fold_aucs": [
      0.9348536348311214,
      0.9490057411847518,
      0.9418925012648204,
      0.9424745019540558,
      0.9412160973141814,
      0.939959525747344,
      0.9320433998372231,
      0.9420198998408893,
      0.9427027195471578,
      0.9402060740708152
    ],
    "fold_logloss": [
      0.3255122506991219,
      0.28619198689694175,
      0.3058606826756459,
      0.29940043569435537,
      0.30565380706351586,
      0.31080239460031617,
      0.33172725167988415,
      0.3020194151501467,
      0.3059646023466964,
      0.3094196163660061
    ],
    "fold_mean_per_class_error": [
      0.15647244659451365,
      0.12530795627020963,
      0.14159939288621015,
      0.15139258558618007,
      0.15077300689968687,
      0.15235311585754824,
      0.1551723821883959,
      0.15101313946752892,
      0.13582154667370566,
      0.150792254166575
    ],
    "mean_accuracy": 0.8536180940142822,
    "std_accuracy": 0.009295349681213299,
    "ci_accuracy": [
      0.8466089133934188,
      0.8606272746351457
    ],
    "mean_auc": 0.940637409559236,
    "std_auc": 0.004352532964465229,
    "ci_auc": [
      0.9373553716851948,
      0.9439194474332773
    ],
    "mean_logloss": 0.3082552443172631,
    "std_logloss": 0.012158997108108704,
    "mean_mpce": 0.1470697826590554,
    "std_mpce": 0.009347771042852683
  },
  "test_accuracy": 0.8446241995281429,
  "test_auc": 0.9317213297175216,
  "test_logloss": 0.3344140776434606,
  "test_mpce": 0.1562588437645106,
  "test_classification_report": {
    "0": {
      "precision": 0.8269794721407625,
      "recall": 0.8337028824833703,
      "f1-score": 0.8303275671696725,
      "support": 1353.0
    },
    "1": {
      "precision": 0.859638178415471,
      "recall": 0.8537794299876085,
      "f1-score": 0.8566987876903948,
      "support": 1614.0
    },
    "accuracy": 0.8446241995281429,
    "macro avg": {
      "precision": 0.8433088252781167,
      "recall": 0.8437411562354894,
      "f1-score": 0.8435131774300336,
      "support": 2967.0
    },
    "weighted avg": {
      "precision": 0.8447452800030407,
      "recall": 0.8446241995281429,
      "f1-score": 0.8446730845004597,
      "support": 2967.0
    }
  },
  "test_confusion_matrix": [
    [
      1128,
      225
    ],
    [
      236,
      1378
    ]
  ],
  "wilcoxon_p_value": 0.8125
}