{
  "kge_model_type": "transe",
  "kge_search_type": "smart",
  "kge_embedding_dim": 32,
  "kge_metrics": {
    "train_mrr": 0.5606123208999634,
    "test_mrr": 0.13457445800304413,
    "train_test_gap": 0.42603786289691925
  },
  "selection_criterion": "downstream_auc",
  "best_classifier_params": {
    "subsample": 1.0,
    "n_estimators": 100,
    "min_child_weight": 1,
    "max_depth": 10,
    "learning_rate": 0.2,
    "gamma": 0.1,
    "colsample_bytree": 0.8
  },
  "cv_results": {
    "fold_accuracies": [
      0.8928571428571429,
      0.9028995279838166,
      0.8927848954821308,
      0.8968307484828051,
      0.9049224544841538,
      0.894807821982468,
      0.8975050573162509,
      0.8907619689817937,
      0.899527983816588,
      0.8887390424814565
    ],
    "fold_aucs": [
      0.9543342137390888,
      0.9668213780309863,
      0.9594771709083977,
      0.966588577755292,
      0.9674327078888131,
      0.9634686874463826,
      0.9643036522147188,
      0.9646198573135948,
      0.9624320846439806,
      0.9621131299355491
    ],
    "fold_logloss": [
      0.27646441872705274,
      0.23314968576313616,
      0.25919966240333314,
      0.23260123516886796,
      0.23014292135932873,
      0.2460388309967376,
      0.24184442505874565,
      0.2396078553739113,
      0.24955185167815336,
      0.25010506637844376
    ],
    "fold_mean_per_class_error": [
      0.1067221999527766,
      0.09726377187772672,
      0.10859857900178171,
      0.10344031147577043,
      0.09552510210216814,
      0.10613951152269713,
      0.10306086535711928,
      0.1103372487773403,
      0.10132219558156075,
      0.1109953219976097
    ],
    "mean_accuracy": 0.8961636643868605,
    "std_accuracy": 0.004941073163023299,
    "ci_accuracy": [
      0.8924378363708874,
      0.8998894924028336
    ],
    "mean_auc": 0.9631591459876804,
    "std_auc": 0.003742122426672912,
    "ci_auc": [
      0.9603373896370887,
      0.965980902338272
    ],
    "mean_logloss": 0.24587059529077102,
    "std_logloss": 0.013363554550824322,
    "mean_mpce": 0.10434051076465507,
    "std_mpce": 0.004966257266805335
  },
  "test_accuracy": 0.884732052578362,
  "test_auc": 0.9552877583524061,
  "test_logloss": 0.2762341645892838,
  "test_mpce": 0.11634616177185769,
  "test_classification_report": {
    "0": {
      "precision": 0.8752783964365256,
      "recall": 0.8713968957871396,
      "f1-score": 0.8733333333333333,
      "support": 1353.0
    },
    "1": {
      "precision": 0.8925925925925926,
      "recall": 0.895910780669145,
      "f1-score": 0.8942486085343229,
      "support": 1614.0
    },
    "accuracy": 0.884732052578362,
    "macro avg": {
      "precision": 0.8839354945145591,
      "recall": 0.8836538382281423,
      "f1-score": 0.8837909709338281,
      "support": 2967.0
    },
    "weighted avg": {
      "precision": 0.884697039037096,
      "recall": 0.884732052578362,
      "f1-score": 0.8847109046762376,
      "support": 2967.0
    }
  },
  "test_confusion_matrix": [
    [
      1179,
      174
    ],
    [
      168,
      1446
    ]
  ],
  "wilcoxon_p_value": 0.4375
}