{
  "kge_model_type": "transe",
  "kge_search_type": "smart",
  "kge_embedding_dim": 32,
  "kge_metrics": {
    "train_mrr": 0.3053031265735626,
    "test_mrr": 0.08676599711179733,
    "train_test_gap": 0.2185371294617653
  },
  "selection_criterion": "downstream_auc",
  "best_classifier_params": {
    "subsample": 0.6,
    "n_estimators": 300,
    "min_child_weight": 5,
    "max_depth": 7,
    "learning_rate": 0.05,
    "gamma": 0,
    "colsample_bytree": 0.8
  },
  "cv_results": {
    "fold_accuracies": [
      0.8618598382749326,
      0.882670262980445,
      0.890087660148348,
      0.863789615643965,
      0.8759271746459879,
      0.8705327039784221,
      0.8678354686446392,
      0.868509777478085,
      0.8813216453135536,
      0.868509777478085
    ],
    "fold_aucs": [
      0.9439157739059449,
      0.956187721343569,
      0.9573379746742628,
      0.94961615450606,
      0.9530980767397695,
      0.9517260215716035,
      0.9481561118321199,
      0.9487106164258009,
      0.9582526781197069,
      0.9563206191387489
    ],
    "fold_logloss": [
      0.3003071008196805,
      0.27149601133058593,
      0.2685644130567852,
      0.28735276338549365,
      0.2775746559450809,
      0.2835535024152026,
      0.28984159775962404,
      0.2883256444798605,
      0.2695481859712821,
      0.2748978918551423
    ],
    "fold_mean_per_class_error": [
      0.13831613705043938,
      0.11801232558310054,
      0.1104765623281494,
      0.1354805950888307,
      0.12456831129979545,
      0.13000520592742498,
      0.1322433881055557,
      0.1333047373939567,
      0.1176906212651137,
      0.1307833454316154
    ],
    "mean_accuracy": 0.8731043924586462,
    "std_accuracy": 0.008632669247415084,
    "ci_accuracy": [
      0.8665949076011161,
      0.8796138773161764
    ],
    "mean_auc": 0.9523321748257585,
    "std_auc": 0.004478896114740439,
    "ci_auc": [
      0.9489548525165453,
      0.9557094971349717
    ],
    "mean_logloss": 0.2811461767018738,
    "std_logloss": 0.009881041111590758,
    "mean_mpce": 0.12708812294739819,
    "std_mpce": 0.008584087128540899
  },
  "test_accuracy": 0.8584428715874621,
  "test_auc": 0.9439544598217188,
  "test_logloss": 0.3014860680649439,
  "test_mpce": 0.14110732861299546,
  "test_classification_report": {
    "0": {
      "precision": 0.8320284697508897,
      "recall": 0.8640059127864006,
      "f1-score": 0.8477157360406091,
      "support": 1353.0
    },
    "1": {
      "precision": 0.882202304737516,
      "recall": 0.8537794299876085,
      "f1-score": 0.8677581863979849,
      "support": 1614.0
    },
    "accuracy": 0.8584428715874621,
    "macro avg": {
      "precision": 0.8571153872442029,
      "recall": 0.8588926713870045,
      "f1-score": 0.857736961219297,
      "support": 2967.0
    },
    "weighted avg": {
      "precision": 0.8593222242734427,
      "recall": 0.8584428715874621,
      "f1-score": 0.8586185047891108,
      "support": 2967.0
    }
  },
  "test_confusion_matrix": [
    [
      1169,
      184
    ],
    [
      236,
      1378
    ]
  ],
  "wilcoxon_p_value": 0.8125
}