{
  "timestamp": "2025-11-02T20:16:38.945748",
  "model_type": "XGBoost",
  "kge_model_type": "transe",
  "embedding_dim": 192,
  "classification_type": "multiclass",
  "best_params": {
    "subsample": 1.0,
    "n_estimators": 100,
    "min_child_weight": 1,
    "max_depth": 10,
    "learning_rate": 0.2,
    "gamma": 0.1,
    "colsample_bytree": 0.8
  },
  "cv_results": {
    "best_score": -0.4837783871574657,
    "best_params": {
      "subsample": 1.0,
      "n_estimators": 100,
      "min_child_weight": 1,
      "max_depth": 10,
      "learning_rate": 0.2,
      "gamma": 0.1,
      "colsample_bytree": 0.8
    }
  },
  "test_metrics": {
    "accuracy": 0.8772391991570073,
    "logloss": 0.40218550933566644,
    "classification_report": {
      "0": {
        "precision": 0.815068493150685,
        "recall": 0.9037974683544304,
        "f1-score": 0.8571428571428571,
        "support": 395.0
      },
      "1": {
        "precision": 1.0,
        "recall": 0.7972972972972973,
        "f1-score": 0.8872180451127819,
        "support": 74.0
      },
      "2": {
        "precision": 0.9685534591194969,
        "recall": 0.8235294117647058,
        "f1-score": 0.8901734104046243,
        "support": 187.0
      },
      "3": {
        "precision": 0.8161290322580645,
        "recall": 0.8605442176870748,
        "f1-score": 0.8377483443708609,
        "support": 294.0
      },
      "4": {
        "precision": 0.899581589958159,
        "recall": 0.8921161825726142,
        "f1-score": 0.8958333333333334,
        "support": 241.0
      },
      "5": {
        "precision": 0.9230769230769231,
        "recall": 0.8450704225352113,
        "f1-score": 0.8823529411764706,
        "support": 71.0
      },
      "6": {
        "precision": 0.9473684210526315,
        "recall": 0.8490566037735849,
        "f1-score": 0.8955223880597015,
        "support": 212.0
      },
      "7": {
        "precision": 0.8835616438356164,
        "recall": 0.9127358490566038,
        "f1-score": 0.8979118329466357,
        "support": 424.0
      },
      "accuracy": 0.8772391991570073,
      "macro avg": {
        "precision": 0.906667445306447,
        "recall": 0.8605184316301904,
        "f1-score": 0.8804878940684082,
        "support": 1898.0
      },
      "weighted avg": {
        "precision": 0.8824148335624734,
        "recall": 0.8772391991570073,
        "f1-score": 0.8778157326108352,
        "support": 1898.0
      }
    },
    "confusion_matrix": [
      [
        357,
        0,
        2,
        11,
        5,
        2,
        1,
        17
      ],
      [
        7,
        59,
        1,
        6,
        0,
        1,
        0,
        0
      ],
      [
        13,
        0,
        154,
        6,
        6,
        0,
        2,
        6
      ],
      [
        22,
        0,
        0,
        253,
        6,
        1,
        3,
        9
      ],
      [
        7,
        0,
        0,
        5,
        215,
        0,
        1,
        13
      ],
      [
        3,
        0,
        0,
        4,
        1,
        60,
        2,
        1
      ],
      [
        9,
        0,
        0,
        17,
        1,
        0,
        180,
        5
      ],
      [
        20,
        0,
        2,
        8,
        5,
        1,
        1,
        387
      ]
    ],
    "per_class_metrics": {
      "0": {
        "accuracy": 0.9037974683544304,
        "error": 0.09620253164556958,
        "samples": 395
      },
      "1": {
        "accuracy": 0.7972972972972973,
        "error": 0.20270270270270274,
        "samples": 74
      },
      "2": {
        "accuracy": 0.8235294117647058,
        "error": 0.17647058823529416,
        "samples": 187
      },
      "3": {
        "accuracy": 0.8605442176870748,
        "error": 0.1394557823129252,
        "samples": 294
      },
      "4": {
        "accuracy": 0.8921161825726142,
        "error": 0.10788381742738584,
        "samples": 241
      },
      "5": {
        "accuracy": 0.8450704225352113,
        "error": 0.15492957746478875,
        "samples": 71
      },
      "6": {
        "accuracy": 0.8490566037735849,
        "error": 0.15094339622641506,
        "samples": 212
      },
      "7": {
        "accuracy": 0.9127358490566038,
        "error": 0.08726415094339623,
        "samples": 424
      }
    },
    "mean_per_class_error": 0.13948156836980968,
    "auc_metrics": {
      "roc_auc_macro": 0.9853145837527006
    }
  }
}