{
  "timestamp": "2025-11-02T20:24:54.258450",
  "model_type": "XGBoost",
  "kge_model_type": "convkb",
  "embedding_dim": 192,
  "classification_type": "multiclass",
  "best_params": {
    "subsample": 1.0,
    "n_estimators": 100,
    "min_child_weight": 1,
    "max_depth": 10,
    "learning_rate": 0.2,
    "gamma": 0.1,
    "colsample_bytree": 0.8
  },
  "cv_results": {
    "best_score": -0.659279936243861,
    "best_params": {
      "subsample": 1.0,
      "n_estimators": 100,
      "min_child_weight": 1,
      "max_depth": 10,
      "learning_rate": 0.2,
      "gamma": 0.1,
      "colsample_bytree": 0.8
    }
  },
  "test_metrics": {
    "accuracy": 0.8308746048472075,
    "logloss": 0.5301291837968382,
    "classification_report": {
      "0": {
        "precision": 0.7641921397379913,
        "recall": 0.8860759493670886,
        "f1-score": 0.82063305978898,
        "support": 395.0
      },
      "1": {
        "precision": 0.9622641509433962,
        "recall": 0.6891891891891891,
        "f1-score": 0.8031496062992126,
        "support": 74.0
      },
      "2": {
        "precision": 0.9299363057324841,
        "recall": 0.7807486631016043,
        "f1-score": 0.8488372093023255,
        "support": 187.0
      },
      "3": {
        "precision": 0.7766666666666666,
        "recall": 0.7925170068027211,
        "f1-score": 0.7845117845117845,
        "support": 294.0
      },
      "4": {
        "precision": 0.8928571428571429,
        "recall": 0.8298755186721992,
        "f1-score": 0.8602150537634409,
        "support": 241.0
      },
      "5": {
        "precision": 0.9298245614035088,
        "recall": 0.7464788732394366,
        "f1-score": 0.828125,
        "support": 71.0
      },
      "6": {
        "precision": 0.9529411764705882,
        "recall": 0.7641509433962265,
        "f1-score": 0.8481675392670157,
        "support": 212.0
      },
      "7": {
        "precision": 0.7974947807933194,
        "recall": 0.9009433962264151,
        "f1-score": 0.8460686600221484,
        "support": 424.0
      },
      "accuracy": 0.8308746048472075,
      "macro avg": {
        "precision": 0.8757721155756373,
        "recall": 0.7987474424993601,
        "f1-score": 0.8299634891193635,
        "support": 1898.0
      },
      "weighted avg": {
        "precision": 0.8412323305029742,
        "recall": 0.8308746048472075,
        "f1-score": 0.8311988858797555,
        "support": 1898.0
      }
    },
    "confusion_matrix": [
      [
        350,
        1,
        2,
        9,
        6,
        2,
        2,
        23
      ],
      [
        7,
        51,
        1,
        7,
        2,
        0,
        1,
        5
      ],
      [
        11,
        0,
        146,
        12,
        5,
        0,
        0,
        13
      ],
      [
        26,
        0,
        0,
        233,
        5,
        2,
        3,
        25
      ],
      [
        15,
        0,
        3,
        8,
        200,
        0,
        0,
        15
      ],
      [
        10,
        0,
        1,
        2,
        0,
        53,
        0,
        5
      ],
      [
        10,
        1,
        3,
        23,
        2,
        0,
        162,
        11
      ],
      [
        29,
        0,
        1,
        6,
        4,
        0,
        2,
        382
      ]
    ],
    "per_class_metrics": {
      "0": {
        "accuracy": 0.8860759493670886,
        "error": 0.11392405063291144,
        "samples": 395
      },
      "1": {
        "accuracy": 0.6891891891891891,
        "error": 0.31081081081081086,
        "samples": 74
      },
      "2": {
        "accuracy": 0.7807486631016043,
        "error": 0.2192513368983957,
        "samples": 187
      },
      "3": {
        "accuracy": 0.7925170068027211,
        "error": 0.20748299319727892,
        "samples": 294
      },
      "4": {
        "accuracy": 0.8298755186721992,
        "error": 0.17012448132780078,
        "samples": 241
      },
      "5": {
        "accuracy": 0.7464788732394366,
        "error": 0.2535211267605634,
        "samples": 71
      },
      "6": {
        "accuracy": 0.7641509433962265,
        "error": 0.23584905660377353,
        "samples": 212
      },
      "7": {
        "accuracy": 0.9009433962264151,
        "error": 0.09905660377358494,
        "samples": 424
      }
    },
    "mean_per_class_error": 0.20125255750063994,
    "auc_metrics": {
      "roc_auc_macro": 0.9752371173671687
    }
  }
}