{
  "kge_model_type": "distmult",
  "kge_search_type": "smart",
  "kge_embedding_dim": 20,
  "ces_applied": false,
  "ces_alpha": null,
  "kge_metrics": {
    "pre_ces": {
      "train": {
        "mrr": 0.2903178930282593,
        "hits_at_1": 0.2606682769726248,
        "hits_at_10": 0.3435319377348363
      },
      "test": {
        "mrr": 0.0860944613814354,
        "hits_at_1": 0.0700107296137339,
        "hits_at_10": 0.11722103004291845
      },
      "gap": 0.20422343164682388
    },
    "post_ces": null,
    "gap_improvement": null,
    "final_train_mrr": 0.2903178930282593,
    "final_test_mrr": 0.0860944613814354,
    "final_train_test_gap": 0.20422343164682388
  },
  "selection_criterion": "downstream_auc",
  "best_classifier_params": {
    "subsample": 1.0,
    "n_estimators": 100,
    "min_child_weight": 1,
    "max_depth": 10,
    "learning_rate": 0.2,
    "gamma": 0.1,
    "colsample_bytree": 0.8
  },
  "cv_results": {
    "fold_accuracies": [
      0.8466933867735471,
      0.8246492985971944,
      0.8326653306613226,
      0.8496993987975952,
      0.843687374749499,
      0.8406813627254509,
      0.8396793587174348,
      0.8356713426853707,
      0.8575727181544633,
      0.847542627883651
    ],
    "fold_aucs": [
      0.9707307349329335,
      0.9735217924758431,
      0.9661441866732947,
      0.9750037990550162,
      0.978653228491055,
      0.9677655350129254,
      0.9767971355661461,
      0.9741941666322804,
      0.9758158455234995,
      0.9784820217041335
    ],
    "fold_logloss": [
      0.5471075568699068,
      0.5702682928040375,
      0.5711521837383767,
      0.5122602518080651,
      0.5076212764994104,
      0.5717424831836624,
      0.516797068318176,
      0.5508041295939876,
      0.5249557717529731,
      0.4883330985482468
    ],
    "fold_mean_per_class_error": [
      0.19992876634483742,
      0.22444687081574693,
      0.20762605569702253,
      0.1936441417453378,
      0.18425425291247635,
      0.199890111847209,
      0.19100982158899676,
      0.19743617721015957,
      0.1760328719266453,
      0.19117106300662928
    ],
    "mean_accuracy": 0.8418542199745529,
    "std_accuracy": 0.00890242992488286,
    "ci_accuracy": [
      0.8351413214340927,
      0.8485671185150131
    ],
    "mean_auc": 0.9737108446067128,
    "std_auc": 0.004056730879787004,
    "ci_auc": [
      0.9706518570008855,
      0.97676983221254
    ],
    "mean_logloss": 0.5361042113116843,
    "std_logloss": 0.028568754153082992,
    "mean_mpce": 0.1965440133095061,
    "std_mpce": 0.012507918551627358
  },
  "test_accuracy": 0.8316633266533067,
  "test_auc": 0.9701559699379867,
  "test_logloss": 0.5667260252800642,
  "test_mpce": 0.21295763878112167,
  "test_classification_report": {
    "0": {
      "precision": 0.8805970149253731,
      "recall": 0.815668202764977,
      "f1-score": 0.84688995215311,
      "support": 217.0
    },
    "1": {
      "precision": 0.9777777777777777,
      "recall": 0.5714285714285714,
      "f1-score": 0.7213114754098361,
      "support": 77.0
    },
    "2": {
      "precision": 0.7696737044145874,
      "recall": 0.9218390804597701,
      "f1-score": 0.8389121338912134,
      "support": 435.0
    },
    "3": {
      "precision": 0.9875,
      "recall": 0.7745098039215687,
      "f1-score": 0.8681318681318682,
      "support": 102.0
    },
    "4": {
      "precision": 0.861244019138756,
      "recall": 0.8737864077669902,
      "f1-score": 0.8674698795180723,
      "support": 412.0
    },
    "5": {
      "precision": 0.8451178451178452,
      "recall": 0.8338870431893688,
      "f1-score": 0.8394648829431438,
      "support": 301.0
    },
    "6": {
      "precision": 0.7614678899082569,
      "recall": 0.7980769230769231,
      "f1-score": 0.7793427230046949,
      "support": 312.0
    },
    "7": {
      "precision": 0.9252336448598131,
      "recall": 0.7071428571428572,
      "f1-score": 0.8016194331983806,
      "support": 140.0
    },
    "accuracy": 0.8316633266533067,
    "macro avg": {
      "precision": 0.8760764870178013,
      "recall": 0.7870423612188784,
      "f1-score": 0.8203927935312898,
      "support": 1996.0
    },
    "weighted avg": {
      "precision": 0.840799199271257,
      "recall": 0.8316633266533067,
      "f1-score": 0.8307868248339082,
      "support": 1996.0
    }
  },
  "test_confusion_matrix": [
    [
      177,
      1,
      13,
      0,
      8,
      7,
      11,
      0
    ],
    [
      4,
      44,
      7,
      0,
      6,
      2,
      14,
      0
    ],
    [
      4,
      0,
      401,
      1,
      7,
      7,
      13,
      2
    ],
    [
      1,
      0,
      9,
      79,
      3,
      1,
      9,
      0
    ],
    [
      5,
      0,
      22,
      0,
      360,
      8,
      14,
      3
    ],
    [
      5,
      0,
      20,
      0,
      11,
      251,
      12,
      2
    ],
    [
      3,
      0,
      36,
      0,
      12,
      11,
      249,
      1
    ],
    [
      2,
      0,
      13,
      0,
      11,
      10,
      5,
      99
    ]
  ],
  "wilcoxon_p_value": 0.3125
}