{
  "kge_model_type": "transe",
  "kge_search_type": "smart",
  "kge_embedding_dim": 32,
  "ces_applied": false,
  "ces_alpha": null,
  "kge_metrics": {
    "pre_ces": {
      "train": {
        "mrr": 0.7191762328147888,
        "hits_at_1": 0.5788605455862236,
        "hits_at_10": 0.9225879134143398
      },
      "test": {
        "mrr": 0.32952192425727844,
        "hits_at_1": 0.2611844222722884,
        "hits_at_10": 0.4679755391052462
      },
      "gap": 0.3896543085575104
    },
    "post_ces": null,
    "gap_improvement": null,
    "final_train_mrr": 0.7191762328147888,
    "final_test_mrr": 0.32952192425727844,
    "final_train_test_gap": 0.3896543085575104
  },
  "selection_criterion": "downstream_auc",
  "best_classifier_params": {
    "subsample": 1.0,
    "n_estimators": 100,
    "min_child_weight": 1,
    "max_depth": 10,
    "learning_rate": 0.2,
    "gamma": 0.1,
    "colsample_bytree": 0.8
  },
  "cv_results": {
    "fold_accuracies": [
      0.8882850241545893,
      0.9039855072463768,
      0.8822463768115942,
      0.892512077294686,
      0.893719806763285,
      0.9021739130434783,
      0.8919082125603864,
      0.892512077294686,
      0.9027777777777778,
      0.9057401812688822
    ],
    "fold_aucs": [
      0.9822053791762567,
      0.9875257432385558,
      0.9837841210179017,
      0.9831115154648848,
      0.9858584263177467,
      0.9846668458967204,
      0.9834956138668864,
      0.9838820228502801,
      0.9903236881737822,
      0.9857622948337476
    ],
    "fold_logloss": [
      0.36297079594943793,
      0.3310613965856222,
      0.37630484713232815,
      0.36202108772537567,
      0.34380462283920205,
      0.33342299666224384,
      0.356904114402277,
      0.3497438794249074,
      0.3112123989165761,
      0.30759294574189844
    ],
    "fold_mean_per_class_error": [
      0.15441719781509544,
      0.11189702960829707,
      0.17570409642390336,
      0.15337360439300332,
      0.1522310545094418,
      0.14430628385349875,
      0.17180949767758785,
      0.15518328730725786,
      0.11489554971227163,
      0.14496339999613886
    ],
    "mean_accuracy": 0.8955860954215742,
    "std_accuracy": 0.007320778506099784,
    "ci_accuracy": [
      0.8900658449098269,
      0.9011063459333215
    ],
    "mean_auc": 0.9850615650836764,
    "std_auc": 0.0022908471037667746,
    "ci_auc": [
      0.9833341463554132,
      0.9867889838119396
    ],
    "mean_logloss": 0.34350390853798685,
    "std_logloss": 0.021459543603456706,
    "mean_mpce": 0.14787810012964958,
    "std_mpce": 0.01973831708080089
  },
  "test_accuracy": 0.8876811594202898,
  "test_auc": 0.9842875854272641,
  "test_logloss": 0.3562157215971677,
  "test_mpce": 0.1549684009638455,
  "test_classification_report": {
    "0": {
      "precision": 0.9142857142857143,
      "recall": 0.7619047619047619,
      "f1-score": 0.8311688311688312,
      "support": 42.0
    },
    "1": {
      "precision": 0.9245283018867925,
      "recall": 0.7903225806451613,
      "f1-score": 0.8521739130434782,
      "support": 124.0
    },
    "2": {
      "precision": 0.8974025974025974,
      "recall": 0.8904639175257731,
      "f1-score": 0.8939197930142303,
      "support": 776.0
    },
    "3": {
      "precision": 0.956268221574344,
      "recall": 0.8817204301075269,
      "f1-score": 0.9174825174825175,
      "support": 372.0
    },
    "4": {
      "precision": 0.9377682403433476,
      "recall": 0.8229755178907722,
      "f1-score": 0.876629889669007,
      "support": 531.0
    },
    "5": {
      "precision": 0.8298530549110595,
      "recall": 0.9580357142857143,
      "f1-score": 0.8893493576460837,
      "support": 1120.0
    },
    "6": {
      "precision": 0.939799331103679,
      "recall": 0.8097982708933718,
      "f1-score": 0.8699690402476781,
      "support": 347.0
    },
    "accuracy": 0.8876811594202898,
    "macro avg": {
      "precision": 0.9142722087867907,
      "recall": 0.8450315990361544,
      "f1-score": 0.8758133346102609,
      "support": 3312.0
    },
    "weighted avg": {
      "precision": 0.893314742892426,
      "recall": 0.8876811594202898,
      "f1-score": 0.8873807128480744,
      "support": 3312.0
    }
  },
  "test_confusion_matrix": [
    [
      32,
      0,
      2,
      1,
      0,
      7,
      0
    ],
    [
      0,
      98,
      7,
      0,
      2,
      14,
      3
    ],
    [
      1,
      3,
      691,
      3,
      6,
      65,
      7
    ],
    [
      0,
      0,
      8,
      328,
      6,
      25,
      5
    ],
    [
      1,
      0,
      21,
      3,
      437,
      68,
      1
    ],
    [
      1,
      3,
      25,
      5,
      11,
      1073,
      2
    ],
    [
      0,
      2,
      16,
      3,
      4,
      41,
      281
    ]
  ],
  "wilcoxon_p_value": 0.4375
}