Corpus,Nº Topics,Coherencia media,Relevancia media,Cobertura media
reuters_activities,8,4.0,4.097718253968254,3.3953373015873014
amazon,2,4.0,3.0,4.0
reuters,8,4.0,3.845833333333333,3.49375
bbc,7,4.0,4.039468864468865,3.505128205128205
GLOBAL,25,4.0,3.7457551129426134,3.5985538766788765
