Corpus,Nº Topics,Coherencia media,Relevancia media,Cobertura media
reuters_activities,8,4.0,4.181818181818182,3.3636363636363638
amazon,2,4.0,3.0,4.0
reuters,8,4.0,4.064516129032258,3.3548387096774195
bbc,7,4.0,4.2272727272727275,3.522727272727273
GLOBAL,25,4.0,3.8684017595307916,3.560300586510264
