Corpus,Nº Topics,Silhouette medio
reuters_activities,8,0.3290946402281424
amazon,2,0.34632596947855654
reuters,8,0.33259724005708746
bbc,7,0.2664922156753685
