{
  "kge_model_type": "transe",
  "kge_search_type": "smart",
  "kge_embedding_dim": 24,
  "kge_metrics": {
    "train_mrr": 0.6937592029571533,
    "test_mrr": 0.30267423391342163,
    "train_test_gap": 0.3910849690437317
  },
  "selection_criterion": "downstream_auc",
  "best_classifier_params": {
    "subsample": 1.0,
    "n_estimators": 100,
    "min_child_weight": 1,
    "max_depth": 10,
    "learning_rate": 0.2,
    "gamma": 0.1,
    "colsample_bytree": 0.8
  },
  "cv_results": {
    "fold_accuracies": [
      0.8852657004830918,
      0.9003623188405797,
      0.8864734299516909,
      0.8846618357487923,
      0.8913043478260869,
      0.8997584541062802,
      0.8973429951690821,
      0.892512077294686,
      0.8979468599033816,
      0.9057401812688822
    ],
    "fold_aucs": [
      0.9786299783264988,
      0.9884048831338911,
      0.9850672551024833,
      0.9822951552305204,
      0.9838311529495904,
      0.9853696745827537,
      0.9825664593561331,
      0.9835852331710176,
      0.9871928345050962,
      0.9868405809847947
    ],
    "fold_logloss": [
      0.37503250935496973,
      0.32705621211267194,
      0.37563170650100186,
      0.36289535413401214,
      0.3531864083654658,
      0.32982030866678624,
      0.3469859808668221,
      0.3549454972457714,
      0.3468391150840679,
      0.32062249956402095
    ],
    "fold_mean_per_class_error": [
      0.15652714489925815,
      0.11383705053037906,
      0.17179623980992798,
      0.16674860126148577,
      0.16376607917897407,
      0.15011285934066865,
      0.18483234579151817,
      0.1428706309079928,
      0.12683778109317986,
      0.1458219228848962
    ],
    "mean_accuracy": 0.8941368200592554,
    "std_accuracy": 0.0068385370102547255,
    "ci_accuracy": [
      0.8889802048988585,
      0.8992934352196523
    ],
    "mean_auc": 0.984378320734278,
    "std_auc": 0.0027064565792986528,
    "ci_auc": [
      0.9823375106886734,
      0.9864191307798826
    ],
    "mean_logloss": 0.349301559189559,
    "std_logloss": 0.018153193625915092,
    "mean_mpce": 0.15231506556982807,
    "std_mpce": 0.020149296678222045
  },
  "test_accuracy": 0.8828502415458938,
  "test_auc": 0.9831217291243803,
  "test_logloss": 0.36468847759221185,
  "test_mpce": 0.16295472056541563,
  "test_classification_report": {
    "0": {
      "precision": 0.9117647058823529,
      "recall": 0.7380952380952381,
      "f1-score": 0.8157894736842105,
      "support": 42.0
    },
    "1": {
      "precision": 0.9428571428571428,
      "recall": 0.7983870967741935,
      "f1-score": 0.8646288209606987,
      "support": 124.0
    },
    "2": {
      "precision": 0.9090909090909091,
      "recall": 0.8891752577319587,
      "f1-score": 0.8990228013029316,
      "support": 776.0
    },
    "3": {
      "precision": 0.9421965317919075,
      "recall": 0.8763440860215054,
      "f1-score": 0.9080779944289693,
      "support": 372.0
    },
    "4": {
      "precision": 0.9340425531914893,
      "recall": 0.8267419962335216,
      "f1-score": 0.8771228771228772,
      "support": 531.0
    },
    "5": {
      "precision": 0.8143074581430746,
      "recall": 0.9553571428571429,
      "f1-score": 0.8792111750205424,
      "support": 1120.0
    },
    "6": {
      "precision": 0.9471830985915493,
      "recall": 0.7752161383285303,
      "f1-score": 0.8526148969889065,
      "support": 347.0
    },
    "accuracy": 0.8828502415458938,
    "macro avg": {
      "precision": 0.9144917713640608,
      "recall": 0.8370452794345845,
      "f1-score": 0.8709240056441623,
      "support": 3312.0
    },
    "weighted avg": {
      "precision": 0.8900463595165071,
      "recall": 0.8828502415458938,
      "f1-score": 0.8826237839561958,
      "support": 3312.0
    }
  },
  "test_confusion_matrix": [
    [
      31,
      0,
      0,
      1,
      0,
      9,
      1
    ],
    [
      0,
      99,
      10,
      0,
      1,
      14,
      0
    ],
    [
      1,
      2,
      690,
      3,
      11,
      64,
      5
    ],
    [
      0,
      0,
      6,
      326,
      3,
      35,
      2
    ],
    [
      1,
      0,
      13,
      3,
      439,
      72,
      3
    ],
    [
      1,
      3,
      21,
      11,
      10,
      1070,
      4
    ],
    [
      0,
      1,
      19,
      2,
      6,
      50,
      269
    ]
  ],
  "wilcoxon_p_value": 0.125
}