{
  "kge_model_type": "transe",
  "kge_search_type": "smart",
  "kge_embedding_dim": 32,
  "ces_applied": false,
  "ces_alpha": null,
  "kge_metrics": {
    "pre_ces": {
      "train": {
        "mrr": 0.7004574537277222,
        "hits_at_1": 0.5546793272712642,
        "hits_at_10": 0.9169147823288002
      },
      "test": {
        "mrr": 0.3252945840358734,
        "hits_at_1": 0.2568393949147087,
        "hits_at_10": 0.4692629546186032
      },
      "gap": 0.37516286969184875
    },
    "post_ces": null,
    "gap_improvement": null,
    "final_train_mrr": 0.7004574537277222,
    "final_test_mrr": 0.3252945840358734,
    "final_train_test_gap": 0.37516286969184875
  },
  "selection_criterion": "downstream_auc",
  "best_classifier_params": {
    "subsample": 1.0,
    "n_estimators": 100,
    "min_child_weight": 1,
    "max_depth": 10,
    "learning_rate": 0.2,
    "gamma": 0.1,
    "colsample_bytree": 0.8
  },
  "cv_results": {
    "fold_accuracies": [
      0.8913043478260869,
      0.9045893719806763,
      0.8894927536231884,
      0.8876811594202898,
      0.8997584541062802,
      0.8979468599033816,
      0.893719806763285,
      0.9009661835748792,
      0.8931159420289855,
      0.9075528700906345
    ],
    "fold_aucs": [
      0.9841584704145594,
      0.9877174286695514,
      0.9843056957375873,
      0.9847663781998987,
      0.982297927487794,
      0.9838401992933894,
      0.9836064006298951,
      0.9850024801780922,
      0.9897794896669616,
      0.9867336253679413
    ],
    "fold_logloss": [
      0.36047811888293235,
      0.32828771200745116,
      0.37036520285162206,
      0.35821129881333474,
      0.34798263510180955,
      0.3313500882508965,
      0.3550541047562573,
      0.33642518529685467,
      0.32152346901862067,
      0.31004950816787596
    ],
    "fold_mean_per_class_error": [
      0.15259816740697157,
      0.11325371021821459,
      0.15725014210454566,
      0.16148914747672818,
      0.1565154845600478,
      0.14842938108437856,
      0.17065532946372555,
      0.14467070999426432,
      0.1230643235245027,
      0.14362628344444825
    ],
    "mean_accuracy": 0.8966127749317689,
    "std_accuracy": 0.006270438518554675,
    "ci_accuracy": [
      0.8918845357954407,
      0.9013410140680972
    ],
    "mean_auc": 0.985220809564567,
    "std_auc": 0.002111376253120035,
    "ci_auc": [
      0.9836287212597419,
      0.9868128978693922
    ],
    "mean_logloss": 0.3419727323147655,
    "std_logloss": 0.0184056356275396,
    "mean_mpce": 0.1471552679277827,
    "std_mpce": 0.01651301798953323
  },
  "test_accuracy": 0.8882850241545893,
  "test_auc": 0.9854070101208545,
  "test_logloss": 0.3497577964151466,
  "test_mpce": 0.15058994819974325,
  "test_classification_report": {
    "0": {
      "precision": 0.8918918918918919,
      "recall": 0.7857142857142857,
      "f1-score": 0.8354430379746836,
      "support": 42.0
    },
    "1": {
      "precision": 0.9326923076923077,
      "recall": 0.782258064516129,
      "f1-score": 0.8508771929824561,
      "support": 124.0
    },
    "2": {
      "precision": 0.9178807947019868,
      "recall": 0.8930412371134021,
      "f1-score": 0.9052906596995428,
      "support": 776.0
    },
    "3": {
      "precision": 0.9511494252873564,
      "recall": 0.8897849462365591,
      "f1-score": 0.9194444444444444,
      "support": 372.0
    },
    "4": {
      "precision": 0.9266247379454927,
      "recall": 0.832391713747646,
      "f1-score": 0.876984126984127,
      "support": 531.0
    },
    "5": {
      "precision": 0.8299531981279251,
      "recall": 0.95,
      "f1-score": 0.8859283930058285,
      "support": 1120.0
    },
    "6": {
      "precision": 0.912621359223301,
      "recall": 0.8126801152737753,
      "f1-score": 0.8597560975609756,
      "support": 347.0
    },
    "accuracy": 0.8882850241545893,
    "macro avg": {
      "precision": 0.9089733878386088,
      "recall": 0.8494100518002566,
      "f1-score": 0.8762462789502939,
      "support": 3312.0
    },
    "weighted avg": {
      "precision": 0.8929593351182857,
      "recall": 0.8882850241545893,
      "f1-score": 0.8881008460850536,
      "support": 3312.0
    }
  },
  "test_confusion_matrix": [
    [
      33,
      0,
      2,
      1,
      1,
      5,
      0
    ],
    [
      0,
      97,
      8,
      0,
      2,
      12,
      5
    ],
    [
      1,
      2,
      693,
      4,
      7,
      60,
      9
    ],
    [
      0,
      0,
      5,
      331,
      7,
      26,
      3
    ],
    [
      2,
      0,
      13,
      4,
      442,
      69,
      1
    ],
    [
      1,
      3,
      21,
      7,
      15,
      1064,
      9
    ],
    [
      0,
      2,
      13,
      1,
      3,
      46,
      282
    ]
  ],
  "wilcoxon_p_value": 0.4375
}