{
  "kge_model_type": "complex",
  "kge_search_type": "smart",
  "kge_embedding_dim": 32,
  "ces_applied": false,
  "ces_alpha": null,
  "kge_metrics": {
    "pre_ces": {
      "train": {
        "mrr": 0.0008195906993933023,
        "hits_at_1": 8.04699444757383e-05,
        "hits_at_10": 0.0009254043614709906
      },
      "test": {
        "mrr": 0.0007313104579225183,
        "hits_at_1": 0.0,
        "hits_at_10": 0.000643707756678468
      },
      "gap": 8.828024147078406e-05
    },
    "post_ces": null,
    "gap_improvement": null,
    "final_train_mrr": 0.0008195906993933023,
    "final_test_mrr": 0.0007313104579225183,
    "final_train_test_gap": 8.828024147078406e-05
  },
  "selection_criterion": "downstream_auc",
  "best_classifier_params": {
    "subsample": 1.0,
    "n_estimators": 100,
    "min_child_weight": 1,
    "max_depth": 10,
    "learning_rate": 0.2,
    "gamma": 0.1,
    "colsample_bytree": 0.8
  },
  "cv_results": {
    "fold_accuracies": [
      0.8454106280193237,
      0.8568840579710145,
      0.8586956521739131,
      0.8568840579710145,
      0.8617149758454107,
      0.8611111111111112,
      0.8599033816425121,
      0.8592995169082126,
      0.855072463768116,
      0.8737160120845922
    ],
    "fold_aucs": [
      0.9736014843160491,
      0.9759477013285546,
      0.9784708417705886,
      0.9717247537979096,
      0.9793103735924137,
      0.9789516292786938,
      0.9738276012288478,
      0.9779111657247037,
      0.9805203586256342,
      0.9780932520350312
    ],
    "fold_logloss": [
      0.4710085322348769,
      0.4476359942783977,
      0.43628809140131974,
      0.47276690195606963,
      0.4314282437028355,
      0.42466369817742117,
      0.43675616902934467,
      0.4202703809437165,
      0.4347440283842451,
      0.4117425662903687
    ],
    "fold_mean_per_class_error": [
      0.20690555329678212,
      0.16716150864636628,
      0.19317139005395578,
      0.2104661063952318,
      0.18972202442718406,
      0.18041560585158897,
      0.21481867089894519,
      0.19909540086346336,
      0.1632842478102872,
      0.18099984807434272
    ],
    "mean_accuracy": 0.8588691857495221,
    "std_accuracy": 0.006620175234454041,
    "ci_accuracy": [
      0.8538772268075322,
      0.863861144691512
    ],
    "mean_auc": 0.9768359161698426,
    "std_auc": 0.0027569684275633322,
    "ci_auc": [
      0.9747570175444509,
      0.9789148147952342
    ],
    "mean_logloss": 0.43873046063985954,
    "std_logloss": 0.019041359121445584,
    "mean_mpce": 0.19060403563181474,
    "std_mpce": 0.016786988498256845
  },
  "test_accuracy": 0.8538647342995169,
  "test_auc": 0.9755734279286391,
  "test_logloss": 0.4623607172445336,
  "test_mpce": 0.2145509213231945,
  "test_classification_report": {
    "0": {
      "precision": 0.9666666666666667,
      "recall": 0.6904761904761905,
      "f1-score": 0.8055555555555556,
      "support": 42.0
    },
    "1": {
      "precision": 0.9629629629629629,
      "recall": 0.6290322580645161,
      "f1-score": 0.7609756097560976,
      "support": 124.0
    },
    "2": {
      "precision": 0.8843085106382979,
      "recall": 0.8569587628865979,
      "f1-score": 0.8704188481675392,
      "support": 776.0
    },
    "3": {
      "precision": 0.9437869822485208,
      "recall": 0.8575268817204301,
      "f1-score": 0.8985915492957747,
      "support": 372.0
    },
    "4": {
      "precision": 0.9066666666666666,
      "recall": 0.768361581920904,
      "f1-score": 0.8318042813455657,
      "support": 531.0
    },
    "5": {
      "precision": 0.7781000725163162,
      "recall": 0.9580357142857143,
      "f1-score": 0.8587434973989596,
      "support": 1120.0
    },
    "6": {
      "precision": 0.9078014184397163,
      "recall": 0.7377521613832853,
      "f1-score": 0.8139904610492846,
      "support": 347.0
    },
    "accuracy": 0.8538647342995169,
    "macro avg": {
      "precision": 0.9071847543055923,
      "recall": 0.7854490786768055,
      "f1-score": 0.8342971146526824,
      "support": 3312.0
    },
    "weighted avg": {
      "precision": 0.8651083159649856,
      "recall": 0.8538647342995169,
      "f1-score": 0.8526119782380919,
      "support": 3312.0
    }
  },
  "test_confusion_matrix": [
    [
      29,
      0,
      0,
      1,
      1,
      11,
      0
    ],
    [
      0,
      78,
      15,
      0,
      2,
      27,
      2
    ],
    [
      0,
      3,
      665,
      4,
      11,
      80,
      13
    ],
    [
      0,
      0,
      6,
      319,
      7,
      38,
      2
    ],
    [
      1,
      0,
      19,
      5,
      408,
      96,
      2
    ],
    [
      0,
      0,
      19,
      4,
      17,
      1073,
      7
    ],
    [
      0,
      0,
      28,
      5,
      4,
      54,
      256
    ]
  ],
  "wilcoxon_p_value": 0.1875
}