{
  "kge_model_type": "transe",
  "kge_search_type": "smart",
  "kge_embedding_dim": 32,
  "ces_applied": false,
  "ces_alpha": null,
  "kge_metrics": {
    "pre_ces": {
      "train": {
        "mrr": 0.7861387133598327,
        "hits_at_1": 0.6703569511540526,
        "hits_at_10": 0.9397477187332259
      },
      "test": {
        "mrr": 0.4317781627178192,
        "hits_at_1": 0.38492489270386265,
        "hits_at_10": 0.5244098712446352
      },
      "gap": 0.35436055064201344
    },
    "post_ces": null,
    "gap_improvement": null,
    "final_train_mrr": 0.7861387133598327,
    "final_test_mrr": 0.4317781627178192,
    "final_train_test_gap": 0.35436055064201344
  },
  "selection_criterion": "downstream_auc",
  "best_classifier_params": {
    "subsample": 1.0,
    "n_estimators": 100,
    "min_child_weight": 1,
    "max_depth": 10,
    "learning_rate": 0.2,
    "gamma": 0.1,
    "colsample_bytree": 0.8
  },
  "cv_results": {
    "fold_accuracies": [
      0.8827655310621243,
      0.87374749498998,
      0.8767535070140281,
      0.8987975951903807,
      0.8687374749498998,
      0.875751503006012,
      0.8887775551102205,
      0.875751503006012,
      0.8776328986960883,
      0.8846539618856569
    ],
    "fold_aucs": [
      0.9839953743661777,
      0.9852254309493809,
      0.9823854302444833,
      0.9869524967586334,
      0.9864316125405802,
      0.9798213263182577,
      0.9874015006696997,
      0.9859779079895006,
      0.9862426965499719,
      0.9859578024699933
    ],
    "fold_logloss": [
      0.4035922109526954,
      0.3988951707953926,
      0.42367299973044814,
      0.3645580984104021,
      0.3973534960904777,
      0.4294140533970212,
      0.3740737695346725,
      0.39592803073264976,
      0.3844960267955729,
      0.37511698817625305
    ],
    "fold_mean_per_class_error": [
      0.14657816254489095,
      0.1493742088444641,
      0.14512779141924542,
      0.12730191531602764,
      0.13941705949989275,
      0.15726833973534038,
      0.1265749909953491,
      0.13098502971153725,
      0.14306816472800843,
      0.1515233550923882
    ],
    "mean_accuracy": 0.8803369024910402,
    "std_accuracy": 0.008226470550422383,
    "ci_accuracy": [
      0.8741337127308249,
      0.8865400922512556
    ],
    "mean_auc": 0.9850391578856679,
    "std_auc": 0.0022303888076646997,
    "ci_auc": [
      0.9833573278799318,
      0.9867209878914039
    ],
    "mean_logloss": 0.39471008446155853,
    "std_logloss": 0.01992814645212116,
    "mean_mpce": 0.1417219017887144,
    "std_mpce": 0.00995626152734833
  },
  "test_accuracy": 0.8702404809619239,
  "test_auc": 0.982269569935557,
  "test_logloss": 0.42757445241745007,
  "test_mpce": 0.1572668991715751,
  "test_classification_report": {
    "0": {
      "precision": 0.8709677419354839,
      "recall": 0.8709677419354839,
      "f1-score": 0.8709677419354839,
      "support": 217.0
    },
    "1": {
      "precision": 0.8852459016393442,
      "recall": 0.7012987012987013,
      "f1-score": 0.782608695652174,
      "support": 77.0
    },
    "2": {
      "precision": 0.8494623655913979,
      "recall": 0.9080459770114943,
      "f1-score": 0.8777777777777778,
      "support": 435.0
    },
    "3": {
      "precision": 0.9545454545454546,
      "recall": 0.8235294117647058,
      "f1-score": 0.8842105263157894,
      "support": 102.0
    },
    "4": {
      "precision": 0.9012048192771084,
      "recall": 0.9077669902912622,
      "f1-score": 0.9044740024183797,
      "support": 412.0
    },
    "5": {
      "precision": 0.8538961038961039,
      "recall": 0.8737541528239202,
      "f1-score": 0.8637110016420362,
      "support": 301.0
    },
    "6": {
      "precision": 0.8204334365325078,
      "recall": 0.8493589743589743,
      "f1-score": 0.8346456692913385,
      "support": 312.0
    },
    "7": {
      "precision": 0.9495798319327731,
      "recall": 0.8071428571428572,
      "f1-score": 0.8725868725868726,
      "support": 140.0
    },
    "accuracy": 0.8702404809619239,
    "macro avg": {
      "precision": 0.8856669569187717,
      "recall": 0.8427331008284249,
      "f1-score": 0.8613727859524816,
      "support": 1996.0
    },
    "weighted avg": {
      "precision": 0.8723843794116987,
      "recall": 0.8702404809619239,
      "f1-score": 0.8699777495262757,
      "support": 1996.0
    }
  },
  "test_confusion_matrix": [
    [
      189,
      3,
      4,
      1,
      6,
      5,
      9,
      0
    ],
    [
      4,
      54,
      5,
      0,
      6,
      3,
      5,
      0
    ],
    [
      5,
      0,
      395,
      2,
      8,
      12,
      9,
      4
    ],
    [
      2,
      0,
      7,
      84,
      1,
      0,
      8,
      0
    ],
    [
      8,
      1,
      14,
      1,
      374,
      6,
      7,
      1
    ],
    [
      0,
      3,
      18,
      0,
      5,
      263,
      12,
      0
    ],
    [
      6,
      0,
      16,
      0,
      9,
      15,
      265,
      1
    ],
    [
      3,
      0,
      6,
      0,
      6,
      4,
      8,
      113
    ]
  ],
  "wilcoxon_p_value": 1.0
}