{
  "kge_model_type": "complex",
  "kge_search_type": "smart",
  "kge_embedding_dim": 24,
  "ces_applied": false,
  "ces_alpha": null,
  "kge_metrics": {
    "pre_ces": {
      "train": {
        "mrr": 0.6528212428092957,
        "hits_at_1": 0.5323403113258186,
        "hits_at_10": 0.8746645195920558
      },
      "test": {
        "mrr": 0.21708899736404416,
        "hits_at_1": 0.15262875536480686,
        "hits_at_10": 0.3387875536480687
      },
      "gap": 0.43573224544525146
    },
    "post_ces": null,
    "gap_improvement": null,
    "final_train_mrr": 0.6528212428092957,
    "final_test_mrr": 0.21708899736404416,
    "final_train_test_gap": 0.43573224544525146
  },
  "selection_criterion": "downstream_auc",
  "best_classifier_params": {
    "subsample": 1.0,
    "n_estimators": 100,
    "min_child_weight": 1,
    "max_depth": 10,
    "learning_rate": 0.2,
    "gamma": 0.1,
    "colsample_bytree": 0.8
  },
  "cv_results": {
    "fold_accuracies": [
      0.8547094188376754,
      0.8507014028056112,
      0.8527054108216433,
      0.8707414829659319,
      0.8677354709418837,
      0.8617234468937875,
      0.8687374749498998,
      0.8507014028056112,
      0.8565697091273822,
      0.8615847542627884
    ],
    "fold_aucs": [
      0.9770767753214111,
      0.9767405832827796,
      0.9776446601497193,
      0.9819401875124034,
      0.9836633471631375,
      0.9736421507025761,
      0.9816457494547891,
      0.9823627550609222,
      0.9760458357194142,
      0.9803353275403812
    ],
    "fold_logloss": [
      0.48316839715953946,
      0.49301034512750513,
      0.4906344918594012,
      0.44431369150729944,
      0.4413377617150077,
      0.49876013641333095,
      0.44365264020700473,
      0.459999825001834,
      0.48963041725482204,
      0.44879927262189934
    ],
    "fold_mean_per_class_error": [
      0.18738688030401704,
      0.17727307211914065,
      0.17649496050915858,
      0.1593493997276019,
      0.15887553186718822,
      0.17458147227981036,
      0.1531415430904541,
      0.17244706842250712,
      0.1728486153198105,
      0.1719398630214657
    ],
    "mean_accuracy": 0.8595909974412216,
    "std_accuracy": 0.007219870602666056,
    "ci_accuracy": [
      0.854146836774988,
      0.8650351581074551
    ],
    "mean_auc": 0.9791097371907533,
    "std_auc": 0.0031374613486991193,
    "ci_auc": [
      0.9767439269697075,
      0.9814755474117992
    ],
    "mean_logloss": 0.46933069788676435,
    "std_logloss": 0.022498115593893322,
    "mean_mpce": 0.17043384066611542,
    "std_mpce": 0.00977627677699946
  },
  "test_accuracy": 0.8572144288577155,
  "test_auc": 0.9754258529886246,
  "test_logloss": 0.5073780578118532,
  "test_mpce": 0.18405635136212195,
  "test_classification_report": {
    "0": {
      "precision": 0.8921568627450981,
      "recall": 0.8387096774193549,
      "f1-score": 0.8646080760095012,
      "support": 217.0
    },
    "1": {
      "precision": 0.9387755102040817,
      "recall": 0.5974025974025974,
      "f1-score": 0.7301587301587301,
      "support": 77.0
    },
    "2": {
      "precision": 0.8336842105263158,
      "recall": 0.9103448275862069,
      "f1-score": 0.8703296703296703,
      "support": 435.0
    },
    "3": {
      "precision": 0.9404761904761905,
      "recall": 0.7745098039215687,
      "f1-score": 0.8494623655913979,
      "support": 102.0
    },
    "4": {
      "precision": 0.8680555555555556,
      "recall": 0.9101941747572816,
      "f1-score": 0.8886255924170616,
      "support": 412.0
    },
    "5": {
      "precision": 0.8387096774193549,
      "recall": 0.8637873754152824,
      "f1-score": 0.851063829787234,
      "support": 301.0
    },
    "6": {
      "precision": 0.8136645962732919,
      "recall": 0.8397435897435898,
      "f1-score": 0.8264984227129337,
      "support": 312.0
    },
    "7": {
      "precision": 0.925,
      "recall": 0.7928571428571428,
      "f1-score": 0.8538461538461538,
      "support": 140.0
    },
    "accuracy": 0.8572144288577155,
    "macro avg": {
      "precision": 0.881315325399986,
      "recall": 0.815943648637878,
      "f1-score": 0.8418241051065853,
      "support": 1996.0
    },
    "weighted avg": {
      "precision": 0.8606807677045597,
      "recall": 0.8572144288577155,
      "f1-score": 0.856097529492333,
      "support": 1996.0
    }
  },
  "test_confusion_matrix": [
    [
      182,
      3,
      8,
      1,
      10,
      3,
      10,
      0
    ],
    [
      2,
      46,
      9,
      0,
      7,
      4,
      7,
      2
    ],
    [
      3,
      0,
      396,
      2,
      10,
      11,
      10,
      3
    ],
    [
      2,
      0,
      9,
      79,
      3,
      3,
      6,
      0
    ],
    [
      5,
      0,
      11,
      0,
      375,
      10,
      10,
      1
    ],
    [
      6,
      0,
      14,
      0,
      8,
      260,
      11,
      2
    ],
    [
      2,
      0,
      16,
      1,
      14,
      16,
      262,
      1
    ],
    [
      2,
      0,
      12,
      1,
      5,
      3,
      6,
      111
    ]
  ],
  "wilcoxon_p_value": 1.0
}