{
  "kge_model_type": "distmult",
  "kge_search_type": "smart",
  "kge_embedding_dim": 16,
  "kge_metrics": {
    "train_mrr": 0.17206306755542755,
    "test_mrr": 0.08048934489488602,
    "train_test_gap": 0.09157372266054153
  },
  "selection_criterion": "downstream_auc",
  "best_classifier_params": {
    "subsample": 1.0,
    "n_estimators": 100,
    "min_child_weight": 1,
    "max_depth": 10,
    "learning_rate": 0.2,
    "gamma": 0.1,
    "colsample_bytree": 0.8
  },
  "cv_results": {
    "fold_accuracies": [
      0.855121293800539,
      0.8712070128118679,
      0.8624409979770735,
      0.837491571139582,
      0.8644639244774106,
      0.8732299393122049,
      0.8476062036412677,
      0.8597437626432907,
      0.8705327039784221,
      0.8530006743088334
    ],
    "fold_aucs": [
      0.9338725589789489,
      0.9450078088911374,
      0.9423562687431718,
      0.9396259064546167,
      0.9444643027356782,
      0.9515372150487964,
      0.9378762382408364,
      0.9423901805943555,
      0.9449482340174362,
      0.9430528364972175
    ],
    "fold_logloss": [
      0.32560050653057404,
      0.2962456450893723,
      0.30342546003671683,
      0.30725670774159297,
      0.29784864770751823,
      0.2810693851128138,
      0.3134073370110849,
      0.3022597953992278,
      0.29882016825662966,
      0.3010572912261041
    ],
    "fold_mean_per_class_error": [
      0.14451192391537127,
      0.1284250969695636,
      0.1393612107080795,
      0.16300601981185336,
      0.13654194437723177,
      0.12716669232968913,
      0.15431267093406065,
      0.14135926031836815,
      0.13024533849526704,
      0.14755504718329998
    ],
    "mean_accuracy": 0.8594838084090493,
    "std_accuracy": 0.01080685147758757,
    "ci_accuracy": [
      0.8513348762497409,
      0.8676327405683576
    ],
    "mean_auc": 0.9425131550202195,
    "std_auc": 0.004496906025504067,
    "ci_auc": [
      0.9391222522947942,
      0.9459040577456448
    ],
    "mean_logloss": 0.3026990944111635,
    "std_logloss": 0.01100633144181648,
    "mean_mpce": 0.14124852050427844,
    "std_mpce": 0.010972770998127825
  },
  "test_accuracy": 0.854061341422312,
  "test_auc": 0.9340659290337412,
  "test_logloss": 0.3261669359240901,
  "test_mpce": 0.14782378138076752,
  "test_classification_report": {
    "0": {
      "precision": 0.8463855421686747,
      "recall": 0.8307464892830746,
      "f1-score": 0.8384930995897053,
      "support": 1353.0
    },
    "1": {
      "precision": 0.860280658938377,
      "recall": 0.8736059479553904,
      "f1-score": 0.8668920996003688,
      "support": 1614.0
    },
    "accuracy": 0.854061341422312,
    "macro avg": {
      "precision": 0.8533331005535258,
      "recall": 0.8521762186192325,
      "f1-score": 0.8526925995950371,
      "support": 2967.0
    },
    "weighted avg": {
      "precision": 0.8539442608967838,
      "recall": 0.854061341422312,
      "f1-score": 0.8539416961576901,
      "support": 2967.0
    }
  },
  "test_confusion_matrix": [
    [
      1124,
      229
    ],
    [
      204,
      1410
    ]
  ],
  "wilcoxon_p_value": 1.0
}