{
  "kge_model_type": "distmult",
  "kge_search_type": "smart",
  "kge_embedding_dim": 32,
  "kge_metrics": {
    "train_mrr": 0.013292428106069565,
    "test_mrr": 0.013788933865725994,
    "train_test_gap": -0.0004965057596564293
  },
  "selection_criterion": "downstream_auc",
  "best_classifier_params": {
    "subsample": 1.0,
    "n_estimators": 100,
    "min_child_weight": 1,
    "max_depth": 10,
    "learning_rate": 0.2,
    "gamma": 0.1,
    "colsample_bytree": 0.8
  },
  "cv_results": {
    "fold_accuracies": [
      0.8376010781671159,
      0.8577208361429535,
      0.8590694538098449,
      0.8550236008091706,
      0.8610923803101821,
      0.842211732973702,
      0.8428860418071477,
      0.8476062036412677,
      0.856372218476062,
      0.851652056641942
    ],
    "fold_aucs": [
      0.9268421254935123,
      0.941160188586554,
      0.9420868070067383,
      0.9416477860143859,
      0.9443213230387951,
      0.93937660852159,
      0.9323788522029872,
      0.9412885036991414,
      0.93475451485889,
      0.9360963243219462
    ],
    "fold_logloss": [
      0.34466783479698365,
      0.30614898560619,
      0.3049417456629933,
      0.30233271111083354,
      0.29830711592298026,
      0.30989377916932404,
      0.32603733873215784,
      0.30310555610456746,
      0.3260003470891317,
      0.3205660703378822
    ],
    "fold_mean_per_class_error": [
      0.16228660227441205,
      0.1434581289456897,
      0.14341963441191352,
      0.14605650997558345,
      0.13987997037753974,
      0.15818870387071704,
      0.158769788023434,
      0.1529919418109295,
      0.14493741888651812,
      0.14795374056883925
    ],
    "mean_accuracy": 0.8511235602779388,
    "std_accuracy": 0.007691445766120396,
    "ci_accuracy": [
      0.8453238072337611,
      0.8569233133221165
    ],
    "mean_auc": 0.937995303374454,
    "std_auc": 0.00512753312173893,
    "ci_auc": [
      0.9341288747814163,
      0.9418617319674918
    ],
    "mean_logloss": 0.3142001484533044,
    "std_logloss": 0.013905995927730596,
    "mean_mpce": 0.14979424391455765,
    "std_mpce": 0.00733030227976522
  },
  "test_accuracy": 0.8554095045500506,
  "test_auc": 0.9361073789852464,
  "test_logloss": 0.3196932592361447,
  "test_mpce": 0.1447918298040703,
  "test_classification_report": {
    "0": {
      "precision": 0.8338150289017341,
      "recall": 0.8529194382852919,
      "f1-score": 0.8432590427475338,
      "support": 1353.0
    },
    "1": {
      "precision": 0.8742893240682249,
      "recall": 0.8574969021065675,
      "f1-score": 0.8658116984673131,
      "support": 1614.0
    },
    "accuracy": 0.8554095045500506,
    "macro avg": {
      "precision": 0.8540521764849796,
      "recall": 0.8552081701959298,
      "f1-score": 0.8545353706074235,
      "support": 2967.0
    },
    "weighted avg": {
      "precision": 0.8558323906808767,
      "recall": 0.8554095045500506,
      "f1-score": 0.8555273226031871,
      "support": 2967.0
    }
  },
  "test_confusion_matrix": [
    [
      1154,
      199
    ],
    [
      230,
      1384
    ]
  ],
  "wilcoxon_p_value": 0.3125
}