{
  "timestamp": "2025-11-03T10:42:28.330454",
  "model_type": "XGBoost",
  "kge_model_type": "transe",
  "embedding_dim": 192,
  "classification_type": "multiclass",
  "best_params": {
    "subsample": 1.0,
    "n_estimators": 200,
    "min_child_weight": 5,
    "max_depth": 10,
    "learning_rate": 0.2,
    "gamma": 0.1,
    "colsample_bytree": 0.6
  },
  "cv_results": {
    "best_score": -0.5103625312097242,
    "best_params": {
      "subsample": 1.0,
      "n_estimators": 200,
      "min_child_weight": 5,
      "max_depth": 10,
      "learning_rate": 0.2,
      "gamma": 0.1,
      "colsample_bytree": 0.6
    }
  },
  "test_metrics": {
    "accuracy": 0.8812625250501002,
    "logloss": 0.40063984071896874,
    "classification_report": {
      "0": {
        "precision": 0.8925233644859814,
        "recall": 0.880184331797235,
        "f1-score": 0.8863109048723898,
        "support": 217.0
      },
      "1": {
        "precision": 0.9607843137254902,
        "recall": 0.6363636363636364,
        "f1-score": 0.765625,
        "support": 77.0
      },
      "2": {
        "precision": 0.8722466960352423,
        "recall": 0.9103448275862069,
        "f1-score": 0.890888638920135,
        "support": 435.0
      },
      "3": {
        "precision": 0.9456521739130435,
        "recall": 0.8529411764705882,
        "f1-score": 0.8969072164948454,
        "support": 102.0
      },
      "4": {
        "precision": 0.9043062200956937,
        "recall": 0.9174757281553398,
        "f1-score": 0.9108433734939759,
        "support": 412.0
      },
      "5": {
        "precision": 0.84375,
        "recall": 0.8970099667774086,
        "f1-score": 0.8695652173913043,
        "support": 301.0
      },
      "6": {
        "precision": 0.8385093167701864,
        "recall": 0.8653846153846154,
        "f1-score": 0.8517350157728707,
        "support": 312.0
      },
      "7": {
        "precision": 0.944,
        "recall": 0.8428571428571429,
        "f1-score": 0.8905660377358491,
        "support": 140.0
      },
      "accuracy": 0.8812625250501002,
      "macro avg": {
        "precision": 0.9002215106282047,
        "recall": 0.8503201781740217,
        "f1-score": 0.8703051755851713,
        "support": 1996.0
      },
      "weighted avg": {
        "precision": 0.8836972025433395,
        "recall": 0.8812625250501002,
        "f1-score": 0.8806266813068621,
        "support": 1996.0
      }
    },
    "confusion_matrix": [
      [
        191,
        1,
        4,
        2,
        5,
        5,
        8,
        1
      ],
      [
        4,
        49,
        3,
        0,
        7,
        8,
        5,
        1
      ],
      [
        4,
        0,
        396,
        1,
        9,
        13,
        8,
        4
      ],
      [
        3,
        0,
        5,
        87,
        0,
        0,
        7,
        0
      ],
      [
        4,
        0,
        13,
        0,
        378,
        8,
        9,
        0
      ],
      [
        0,
        1,
        13,
        0,
        7,
        270,
        9,
        1
      ],
      [
        6,
        0,
        12,
        1,
        10,
        13,
        270,
        0
      ],
      [
        2,
        0,
        8,
        1,
        2,
        3,
        6,
        118
      ]
    ],
    "per_class_metrics": {
      "0": {
        "accuracy": 0.880184331797235,
        "error": 0.11981566820276501,
        "samples": 217
      },
      "1": {
        "accuracy": 0.6363636363636364,
        "error": 0.36363636363636365,
        "samples": 77
      },
      "2": {
        "accuracy": 0.9103448275862069,
        "error": 0.08965517241379306,
        "samples": 435
      },
      "3": {
        "accuracy": 0.8529411764705882,
        "error": 0.1470588235294118,
        "samples": 102
      },
      "4": {
        "accuracy": 0.9174757281553398,
        "error": 0.08252427184466016,
        "samples": 412
      },
      "5": {
        "accuracy": 0.8970099667774086,
        "error": 0.10299003322259137,
        "samples": 301
      },
      "6": {
        "accuracy": 0.8653846153846154,
        "error": 0.13461538461538458,
        "samples": 312
      },
      "7": {
        "accuracy": 0.8428571428571429,
        "error": 0.15714285714285714,
        "samples": 140
      }
    },
    "mean_per_class_error": 0.14967982182597833,
    "auc_metrics": {
      "roc_auc_macro": 0.9835521597537112
    }
  }
}