{
  "timestamp": "2025-11-03T10:46:15.914196",
  "model_type": "XGBoost",
  "kge_model_type": "convkb",
  "embedding_dim": 128,
  "classification_type": "multiclass",
  "best_params": {
    "subsample": 1.0,
    "n_estimators": 100,
    "min_child_weight": 1,
    "max_depth": 10,
    "learning_rate": 0.2,
    "gamma": 0.1,
    "colsample_bytree": 0.8
  },
  "cv_results": {
    "best_score": -0.7179025461605925,
    "best_params": {
      "subsample": 1.0,
      "n_estimators": 100,
      "min_child_weight": 1,
      "max_depth": 10,
      "learning_rate": 0.2,
      "gamma": 0.1,
      "colsample_bytree": 0.8
    }
  },
  "test_metrics": {
    "accuracy": 0.8231462925851704,
    "logloss": 0.5841949822211421,
    "classification_report": {
      "0": {
        "precision": 0.8497652582159625,
        "recall": 0.8341013824884793,
        "f1-score": 0.8418604651162791,
        "support": 217.0
      },
      "1": {
        "precision": 0.9361702127659575,
        "recall": 0.5714285714285714,
        "f1-score": 0.7096774193548387,
        "support": 77.0
      },
      "2": {
        "precision": 0.7662082514734774,
        "recall": 0.896551724137931,
        "f1-score": 0.826271186440678,
        "support": 435.0
      },
      "3": {
        "precision": 0.9629629629629629,
        "recall": 0.7647058823529411,
        "f1-score": 0.8524590163934426,
        "support": 102.0
      },
      "4": {
        "precision": 0.8737864077669902,
        "recall": 0.8737864077669902,
        "f1-score": 0.8737864077669902,
        "support": 412.0
      },
      "5": {
        "precision": 0.7927631578947368,
        "recall": 0.8006644518272426,
        "f1-score": 0.7966942148760331,
        "support": 301.0
      },
      "6": {
        "precision": 0.7823343848580442,
        "recall": 0.7948717948717948,
        "f1-score": 0.7885532591414944,
        "support": 312.0
      },
      "7": {
        "precision": 0.8938053097345132,
        "recall": 0.7214285714285714,
        "f1-score": 0.7984189723320159,
        "support": 140.0
      },
      "accuracy": 0.8231462925851704,
      "macro avg": {
        "precision": 0.8572244932090806,
        "recall": 0.7821923482878153,
        "f1-score": 0.8109651176777215,
        "support": 1996.0
      },
      "weighted avg": {
        "precision": 0.8295840485941307,
        "recall": 0.8231462925851704,
        "f1-score": 0.8223045589432344,
        "support": 1996.0
      }
    },
    "confusion_matrix": [
      [
        181,
        2,
        11,
        0,
        4,
        7,
        11,
        1
      ],
      [
        3,
        44,
        10,
        1,
        4,
        5,
        9,
        1
      ],
      [
        6,
        0,
        390,
        2,
        14,
        12,
        9,
        2
      ],
      [
        1,
        0,
        13,
        78,
        1,
        0,
        8,
        1
      ],
      [
        7,
        0,
        20,
        0,
        360,
        12,
        11,
        2
      ],
      [
        8,
        1,
        23,
        0,
        12,
        241,
        14,
        2
      ],
      [
        4,
        0,
        31,
        0,
        8,
        18,
        248,
        3
      ],
      [
        3,
        0,
        11,
        0,
        9,
        9,
        7,
        101
      ]
    ],
    "per_class_metrics": {
      "0": {
        "accuracy": 0.8341013824884793,
        "error": 0.16589861751152069,
        "samples": 217
      },
      "1": {
        "accuracy": 0.5714285714285714,
        "error": 0.4285714285714286,
        "samples": 77
      },
      "2": {
        "accuracy": 0.896551724137931,
        "error": 0.10344827586206895,
        "samples": 435
      },
      "3": {
        "accuracy": 0.7647058823529411,
        "error": 0.23529411764705888,
        "samples": 102
      },
      "4": {
        "accuracy": 0.8737864077669902,
        "error": 0.12621359223300976,
        "samples": 412
      },
      "5": {
        "accuracy": 0.8006644518272426,
        "error": 0.19933554817275745,
        "samples": 301
      },
      "6": {
        "accuracy": 0.7948717948717948,
        "error": 0.20512820512820518,
        "samples": 312
      },
      "7": {
        "accuracy": 0.7214285714285714,
        "error": 0.2785714285714286,
        "samples": 140
      }
    },
    "mean_per_class_error": 0.21780765171218475,
    "auc_metrics": {
      "roc_auc_macro": 0.9680989200565588
    }
  }
}