{
  "kge_model_type": "convkb",
  "kge_search_type": "smart",
  "kge_embedding_dim": 12,
  "ces_applied": false,
  "ces_alpha": null,
  "kge_metrics": {
    "pre_ces": {
      "train": {
        "mrr": 0.509344756603241,
        "hits_at_1": 0.38581314878892736,
        "hits_at_10": 0.7441860465116279
      },
      "test": {
        "mrr": 0.02460496500134468,
        "hits_at_1": 0.011747666559382041,
        "hits_at_10": 0.04586417766334085
      },
      "gap": 0.4847397916018963
    },
    "post_ces": null,
    "gap_improvement": null,
    "final_train_mrr": 0.509344756603241,
    "final_test_mrr": 0.02460496500134468,
    "final_train_test_gap": 0.4847397916018963
  },
  "selection_criterion": "downstream_auc",
  "best_classifier_params": {
    "subsample": 1.0,
    "n_estimators": 100,
    "min_child_weight": 1,
    "max_depth": 10,
    "learning_rate": 0.2,
    "gamma": 0.1,
    "colsample_bytree": 0.8
  },
  "cv_results": {
    "fold_accuracies": [
      0.8381642512077294,
      0.8460144927536232,
      0.8472222222222222,
      0.8429951690821256,
      0.8514492753623188,
      0.8429951690821256,
      0.8508454106280193,
      0.8568840579710145,
      0.8478260869565217,
      0.8610271903323263
    ],
    "fold_aucs": [
      0.9702812533713139,
      0.9760996562151727,
      0.9772523619230274,
      0.9701818603717639,
      0.9718946686866797,
      0.9711617975487236,
      0.9664268574037843,
      0.9745762372085868,
      0.9772120421583173,
      0.9715303540406739
    ],
    "fold_logloss": [
      0.5253937453196682,
      0.4797220043346006,
      0.4828507756602521,
      0.5063639441579959,
      0.49399699612661624,
      0.4905984593632967,
      0.5120833045493673,
      0.48201911742338405,
      0.4813612555558559,
      0.47864678030661806
    ],
    "fold_mean_per_class_error": [
      0.23394924661629096,
      0.18618975361098725,
      0.22845346618235368,
      0.23965906745727644,
      0.20337499582884755,
      0.21965965709350993,
      0.2507631664910783,
      0.20546522140693396,
      0.18005597394907039,
      0.21174290793694148
    ],
    "mean_accuracy": 0.8485423325598026,
    "std_accuracy": 0.006458349885855634,
    "ci_accuracy": [
      0.8436723984083006,
      0.8534122667113047
    ],
    "mean_auc": 0.9726617088928042,
    "std_auc": 0.0033477181380909527,
    "ci_auc": [
      0.9701373540377045,
      0.975186063747904
    ],
    "mean_logloss": 0.49330363827976553,
    "std_logloss": 0.015294864111940337,
    "mean_mpce": 0.215931345657329,
    "std_mpce": 0.021743868949705567
  },
  "test_accuracy": 0.8405797101449275,
  "test_auc": 0.9700505406994587,
  "test_logloss": 0.5121662892017705,
  "test_mpce": 0.2334807848764092,
  "test_classification_report": {
    "0": {
      "precision": 0.9285714285714286,
      "recall": 0.6190476190476191,
      "f1-score": 0.7428571428571429,
      "support": 42.0
    },
    "1": {
      "precision": 0.9651162790697675,
      "recall": 0.6693548387096774,
      "f1-score": 0.7904761904761904,
      "support": 124.0
    },
    "2": {
      "precision": 0.8716931216931217,
      "recall": 0.8492268041237113,
      "f1-score": 0.860313315926893,
      "support": 776.0
    },
    "3": {
      "precision": 0.9298780487804879,
      "recall": 0.8198924731182796,
      "f1-score": 0.8714285714285714,
      "support": 372.0
    },
    "4": {
      "precision": 0.8833693304535637,
      "recall": 0.7702448210922788,
      "f1-score": 0.8229376257545271,
      "support": 531.0
    },
    "5": {
      "precision": 0.7697320782041999,
      "recall": 0.9491071428571428,
      "f1-score": 0.8500599760095962,
      "support": 1120.0
    },
    "6": {
      "precision": 0.8851851851851852,
      "recall": 0.6887608069164265,
      "f1-score": 0.7747163695299838,
      "support": 347.0
    },
    "accuracy": 0.8405797101449275,
    "macro avg": {
      "precision": 0.890506495993965,
      "recall": 0.7665192151235908,
      "f1-score": 0.8161127417118437,
      "support": 3312.0
    },
    "weighted avg": {
      "precision": 0.8512533866255013,
      "recall": 0.8405797101449275,
      "f1-score": 0.8390299643668632,
      "support": 3312.0
    }
  },
  "test_confusion_matrix": [
    [
      26,
      0,
      3,
      1,
      1,
      11,
      0
    ],
    [
      0,
      83,
      19,
      1,
      3,
      17,
      1
    ],
    [
      0,
      2,
      659,
      5,
      16,
      82,
      12
    ],
    [
      1,
      0,
      5,
      305,
      11,
      44,
      6
    ],
    [
      1,
      0,
      23,
      2,
      409,
      94,
      2
    ],
    [
      0,
      0,
      23,
      8,
      16,
      1063,
      10
    ],
    [
      0,
      1,
      24,
      6,
      7,
      70,
      239
    ]
  ],
  "wilcoxon_p_value": 0.0625
}