{
  "timestamp": "2025-11-03T14:31:15.907552",
  "model_type": "XGBoost",
  "kge_model_type": "complex",
  "embedding_dim": 128,
  "classification_type": "multiclass",
  "best_params": {
    "subsample": 1.0,
    "n_estimators": 200,
    "min_child_weight": 5,
    "max_depth": 10,
    "learning_rate": 0.2,
    "gamma": 0.1,
    "colsample_bytree": 0.6
  },
  "cv_results": {
    "best_score": -0.6550758014136396,
    "best_params": {
      "subsample": 1.0,
      "n_estimators": 200,
      "min_child_weight": 5,
      "max_depth": 10,
      "learning_rate": 0.2,
      "gamma": 0.1,
      "colsample_bytree": 0.6
    }
  },
  "test_metrics": {
    "accuracy": 0.8481963927855711,
    "logloss": 0.5137605530147752,
    "classification_report": {
      "0": {
        "precision": 0.8571428571428571,
        "recall": 0.8294930875576036,
        "f1-score": 0.8430913348946136,
        "support": 217.0
      },
      "1": {
        "precision": 0.9615384615384616,
        "recall": 0.6493506493506493,
        "f1-score": 0.7751937984496124,
        "support": 77.0
      },
      "2": {
        "precision": 0.8210526315789474,
        "recall": 0.896551724137931,
        "f1-score": 0.8571428571428571,
        "support": 435.0
      },
      "3": {
        "precision": 0.9529411764705882,
        "recall": 0.7941176470588235,
        "f1-score": 0.8663101604278075,
        "support": 102.0
      },
      "4": {
        "precision": 0.9129353233830846,
        "recall": 0.8907766990291263,
        "f1-score": 0.9017199017199017,
        "support": 412.0
      },
      "5": {
        "precision": 0.839344262295082,
        "recall": 0.8504983388704319,
        "f1-score": 0.8448844884488449,
        "support": 301.0
      },
      "6": {
        "precision": 0.7492795389048992,
        "recall": 0.8333333333333334,
        "f1-score": 0.7890743550834598,
        "support": 312.0
      },
      "7": {
        "precision": 0.9083333333333333,
        "recall": 0.7785714285714286,
        "f1-score": 0.8384615384615385,
        "support": 140.0
      },
      "accuracy": 0.8481963927855711,
      "macro avg": {
        "precision": 0.8753209480809067,
        "recall": 0.8153366134886659,
        "f1-score": 0.8394848043285794,
        "support": 1996.0
      },
      "weighted avg": {
        "precision": 0.8537626328982711,
        "recall": 0.8481963927855711,
        "f1-score": 0.8483247325029494,
        "support": 1996.0
      }
    },
    "confusion_matrix": [
      [
        180,
        2,
        11,
        1,
        2,
        4,
        15,
        2
      ],
      [
        4,
        50,
        6,
        0,
        4,
        4,
        9,
        0
      ],
      [
        4,
        0,
        390,
        2,
        8,
        14,
        15,
        2
      ],
      [
        3,
        0,
        6,
        81,
        2,
        1,
        9,
        0
      ],
      [
        5,
        0,
        15,
        0,
        367,
        8,
        16,
        1
      ],
      [
        6,
        0,
        14,
        0,
        5,
        256,
        15,
        5
      ],
      [
        8,
        0,
        24,
        0,
        6,
        13,
        260,
        1
      ],
      [
        0,
        0,
        9,
        1,
        8,
        5,
        8,
        109
      ]
    ],
    "per_class_metrics": {
      "0": {
        "accuracy": 0.8294930875576036,
        "error": 0.17050691244239635,
        "samples": 217
      },
      "1": {
        "accuracy": 0.6493506493506493,
        "error": 0.35064935064935066,
        "samples": 77
      },
      "2": {
        "accuracy": 0.896551724137931,
        "error": 0.10344827586206895,
        "samples": 435
      },
      "3": {
        "accuracy": 0.7941176470588235,
        "error": 0.20588235294117652,
        "samples": 102
      },
      "4": {
        "accuracy": 0.8907766990291263,
        "error": 0.10922330097087374,
        "samples": 412
      },
      "5": {
        "accuracy": 0.8504983388704319,
        "error": 0.1495016611295681,
        "samples": 301
      },
      "6": {
        "accuracy": 0.8333333333333334,
        "error": 0.16666666666666663,
        "samples": 312
      },
      "7": {
        "accuracy": 0.7785714285714286,
        "error": 0.22142857142857142,
        "samples": 140
      }
    },
    "mean_per_class_error": 0.18466338651133404,
    "auc_metrics": {
      "roc_auc_macro": 0.9748149367868636
    }
  }
}