{
  "kge_model_type": "convkb",
  "kge_search_type": "smart",
  "kge_embedding_dim": 12,
  "ces_applied": false,
  "ces_alpha": null,
  "kge_metrics": {
    "pre_ces": {
      "train": {
        "mrr": 0.5513352751731873,
        "hits_at_1": 0.4262614063338701,
        "hits_at_10": 0.7958266237251744
      },
      "test": {
        "mrr": 0.03498338535428047,
        "hits_at_1": 0.016094420600858368,
        "hits_at_10": 0.06598712446351931
      },
      "gap": 0.5163518898189068
    },
    "post_ces": null,
    "gap_improvement": null,
    "final_train_mrr": 0.5513352751731873,
    "final_test_mrr": 0.03498338535428047,
    "final_train_test_gap": 0.5163518898189068
  },
  "selection_criterion": "downstream_auc",
  "best_classifier_params": {
    "subsample": 1.0,
    "n_estimators": 100,
    "min_child_weight": 1,
    "max_depth": 10,
    "learning_rate": 0.2,
    "gamma": 0.1,
    "colsample_bytree": 0.8
  },
  "cv_results": {
    "fold_accuracies": [
      0.811623246492986,
      0.8336673346693386,
      0.8326653306613226,
      0.8216432865731463,
      0.8346693386773547,
      0.8246492985971944,
      0.8336673346693386,
      0.812625250501002,
      0.8054162487462387,
      0.835506519558676
    ],
    "fold_aucs": [
      0.9624145995976765,
      0.9728226314147308,
      0.965599306748653,
      0.9677916789718952,
      0.9763306955416969,
      0.9658528302622811,
      0.9745850671106505,
      0.9706219675584941,
      0.967247787655701,
      0.9737877442834588
    ],
    "fold_logloss": [
      0.6415616539082564,
      0.5753220261499116,
      0.6132153521441122,
      0.5936430097399077,
      0.540539410413432,
      0.6062372968155227,
      0.5519693353172501,
      0.6029254874744328,
      0.6235212436293245,
      0.5555921940450244
    ],
    "fold_mean_per_class_error": [
      0.2358456723201124,
      0.20338481789982144,
      0.20038266944230165,
      0.22477681682553266,
      0.19168143084557265,
      0.2350923088181321,
      0.19070137395872694,
      0.22270886861572264,
      0.23380055513434966,
      0.20693669149290989
    ],
    "mean_accuracy": 0.8246133189146597,
    "std_accuracy": 0.010669471894092,
    "ci_accuracy": [
      0.8165679781582962,
      0.8326586596710233
    ],
    "mean_auc": 0.9697054309145239,
    "std_auc": 0.0043530300623188965,
    "ci_auc": [
      0.9664230182026592,
      0.9729878436263886
    ],
    "mean_logloss": 0.5904527009637175,
    "std_logloss": 0.03170992286571341,
    "mean_mpce": 0.2145311205353182,
    "std_mpce": 0.01700674210825867
  },
  "test_accuracy": 0.8136272545090181,
  "test_auc": 0.9690002594347564,
  "test_logloss": 0.6067701142498565,
  "test_mpce": 0.2293418401646892,
  "test_classification_report": {
    "0": {
      "precision": 0.845771144278607,
      "recall": 0.783410138248848,
      "f1-score": 0.8133971291866029,
      "support": 217.0
    },
    "1": {
      "precision": 0.9166666666666666,
      "recall": 0.5714285714285714,
      "f1-score": 0.704,
      "support": 77.0
    },
    "2": {
      "precision": 0.7549019607843137,
      "recall": 0.8850574712643678,
      "f1-score": 0.8148148148148148,
      "support": 435.0
    },
    "3": {
      "precision": 0.9873417721518988,
      "recall": 0.7647058823529411,
      "f1-score": 0.861878453038674,
      "support": 102.0
    },
    "4": {
      "precision": 0.8771498771498771,
      "recall": 0.866504854368932,
      "f1-score": 0.8717948717948718,
      "support": 412.0
    },
    "5": {
      "precision": 0.7898089171974523,
      "recall": 0.8239202657807309,
      "f1-score": 0.8065040650406504,
      "support": 301.0
    },
    "6": {
      "precision": 0.7417417417417418,
      "recall": 0.7916666666666666,
      "f1-score": 0.765891472868217,
      "support": 312.0
    },
    "7": {
      "precision": 0.9134615384615384,
      "recall": 0.6785714285714286,
      "f1-score": 0.7786885245901639,
      "support": 140.0
    },
    "accuracy": 0.8136272545090181,
    "macro avg": {
      "precision": 0.853355452304012,
      "recall": 0.7706581598353108,
      "f1-score": 0.8021211664167494,
      "support": 1996.0
    },
    "weighted avg": {
      "precision": 0.8224615018099611,
      "recall": 0.8136272545090181,
      "f1-score": 0.8131177191493545,
      "support": 1996.0
    }
  },
  "test_confusion_matrix": [
    [
      170,
      2,
      17,
      0,
      5,
      5,
      16,
      2
    ],
    [
      4,
      44,
      7,
      0,
      7,
      5,
      9,
      1
    ],
    [
      6,
      0,
      385,
      1,
      7,
      16,
      17,
      3
    ],
    [
      3,
      0,
      9,
      78,
      1,
      2,
      9,
      0
    ],
    [
      5,
      1,
      21,
      0,
      357,
      11,
      16,
      1
    ],
    [
      4,
      1,
      24,
      0,
      10,
      248,
      12,
      2
    ],
    [
      8,
      0,
      27,
      0,
      12,
      18,
      247,
      0
    ],
    [
      1,
      0,
      20,
      0,
      8,
      9,
      7,
      95
    ]
  ],
  "wilcoxon_p_value": 0.4652088184521418
}