{
  "kge_model_type": "transe",
  "kge_search_type": "smart",
  "kge_embedding_dim": 16,
  "ces_applied": false,
  "ces_alpha": null,
  "kge_metrics": {
    "pre_ces": {
      "train": {
        "mrr": 0.5152574777603149,
        "hits_at_1": 0.3752460189658257,
        "hits_at_10": 0.7503131150474146
      },
      "test": {
        "mrr": 0.14021413028240204,
        "hits_at_1": 0.09391771019677997,
        "hits_at_10": 0.21806797853309481
      },
      "gap": 0.3750433474779129
    },
    "post_ces": null,
    "gap_improvement": null,
    "final_train_mrr": 0.5152574777603149,
    "final_test_mrr": 0.14021413028240204,
    "final_train_test_gap": 0.3750433474779129
  },
  "selection_criterion": "downstream_auc",
  "best_classifier_params": {
    "subsample": 1.0,
    "n_estimators": 100,
    "min_child_weight": 1,
    "max_depth": 10,
    "learning_rate": 0.2,
    "gamma": 0.1,
    "colsample_bytree": 0.8
  },
  "cv_results": {
    "fold_accuracies": [
      0.8901617250673854,
      0.916385704652731,
      0.9028995279838166,
      0.9049224544841538,
      0.9076196898179366,
      0.9076196898179366,
      0.9015509103169251,
      0.8988536749831423,
      0.908968307484828,
      0.8914362778152394
    ],
    "fold_aucs": [
      0.9608649574714601,
      0.9722601057316527,
      0.9679313037548669,
      0.9705333509308345,
      0.9706002580966837,
      0.967413460621925,
      0.9678158201535382,
      0.9652541005843837,
      0.967638012068953,
      0.9643274821641993
    ],
    "fold_logloss": [
      0.25774556339564675,
      0.2100623649537212,
      0.23203022590844102,
      0.2201620419080916,
      0.21948850631222805,
      0.23153477684323234,
      0.22827912699287312,
      0.24005940497231296,
      0.2300294005053663,
      0.24558438887540585
    ],
    "fold_mean_per_class_error": [
      0.10979538345239859,
      0.08391166787649484,
      0.09930489870438397,
      0.09588530095393122,
      0.09268658850443234,
      0.09412738391148456,
      0.09898319438639713,
      0.10254210568765904,
      0.09156749741536707,
      0.10767654326418985
    ],
    "mean_accuracy": 0.9030417962424095,
    "std_accuracy": 0.007609219105723751,
    "ci_accuracy": [
      0.8973040464078298,
      0.9087795460769893
    ],
    "mean_auc": 0.9674638851578499,
    "std_auc": 0.0031765296558740825,
    "ci_auc": [
      0.9650686153864986,
      0.9698591549292012
    ],
    "mean_logloss": 0.2314975800667319,
    "std_logloss": 0.013060166416608232,
    "mean_mpce": 0.09764805641567385,
    "std_mpce": 0.007364697645148667
  },
  "test_accuracy": 0.8918099089989889,
  "test_auc": 0.9621612809571826,
  "test_logloss": 0.25119040392412434,
  "test_mpce": 0.10900394826861415,
  "test_classification_report": {
    "0": {
      "precision": 0.8810930576070901,
      "recall": 0.8817442719881744,
      "f1-score": 0.8814185445142224,
      "support": 1353.0
    },
    "1": {
      "precision": 0.9008059516429014,
      "recall": 0.9002478314745973,
      "f1-score": 0.9005268050821196,
      "support": 1614.0
    },
    "accuracy": 0.8918099089989889,
    "macro avg": {
      "precision": 0.8909495046249958,
      "recall": 0.8909960517313859,
      "f1-score": 0.890972674798171,
      "support": 2967.0
    },
    "weighted avg": {
      "precision": 0.891816553048209,
      "recall": 0.8918099089989889,
      "f1-score": 0.8918131291305305,
      "support": 2967.0
    }
  },
  "test_confusion_matrix": [
    [
      1193,
      160
    ],
    [
      161,
      1453
    ]
  ],
  "wilcoxon_p_value": 1.0
}