{
  "kge_model_type": "transe",
  "kge_search_type": "smart",
  "kge_embedding_dim": 24,
  "kge_metrics": {
    "train_mrr": 0.6141117215156555,
    "test_mrr": 0.16514894366264343,
    "train_test_gap": 0.4489627778530121
  },
  "selection_criterion": "downstream_auc",
  "best_classifier_params": {
    "subsample": 1.0,
    "n_estimators": 100,
    "min_child_weight": 1,
    "max_depth": 10,
    "learning_rate": 0.2,
    "gamma": 0.1,
    "colsample_bytree": 0.8
  },
  "cv_results": {
    "fold_accuracies": [
      0.889487870619946,
      0.9143627781523938,
      0.9022252191503709,
      0.9015509103169251,
      0.908968307484828,
      0.899527983816588,
      0.8961564396493594,
      0.8954821308159137,
      0.9062710721510452,
      0.894807821982468
    ],
    "fold_aucs": [
      0.9593677185776597,
      0.9708009795942308,
      0.9680614519404912,
      0.9701410733009247,
      0.9685582147335079,
      0.9658296855179898,
      0.9629068505605536,
      0.966788382716321,
      0.9657902744476952,
      0.965022216845208
    ],
    "fold_logloss": [
      0.2610346838517412,
      0.21685935940877452,
      0.23074019496553871,
      0.22212634260363653,
      0.22567571976495973,
      0.23766046445054942,
      0.24668106913288365,
      0.2343656832134379,
      0.23688545693671945,
      0.23979357508994673
    ],
    "fold_mean_per_class_error": [
      0.10946317213305296,
      0.08589047021989543,
      0.09848368198382496,
      0.09898319438639713,
      0.09132736484752502,
      0.10132219558156075,
      0.10478028786578975,
      0.10648046310757209,
      0.09500634243270789,
      0.10421845097996085
    ],
    "mean_accuracy": 0.9008840534139837,
    "std_accuracy": 0.00706015703855903,
    "ci_accuracy": [
      0.8955603251421,
      0.9062077816858674
    ],
    "mean_auc": 0.9663266848234582,
    "std_auc": 0.0032423762812155846,
    "ci_auc": [
      0.9638817632470514,
      0.9687716063998649
    ],
    "mean_logloss": 0.23518225494181882,
    "std_logloss": 0.012032604648382775,
    "mean_mpce": 0.09959556235382869,
    "std_mpce": 0.006891082452728617
  },
  "test_accuracy": 0.8948432760364005,
  "test_auc": 0.9598491946392935,
  "test_logloss": 0.26036370986070767,
  "test_mpce": 0.10537920688432972,
  "test_classification_report": {
    "0": {
      "precision": 0.8790968681718864,
      "recall": 0.8920916481892092,
      "f1-score": 0.8855465884079237,
      "support": 1353.0
    },
    "1": {
      "precision": 0.9084065244667503,
      "recall": 0.8971499380421314,
      "f1-score": 0.9027431421446384,
      "support": 1614.0
    },
    "accuracy": 0.8948432760364005,
    "macro avg": {
      "precision": 0.8937516963193184,
      "recall": 0.8946207931156702,
      "f1-score": 0.894144865276281,
      "support": 2967.0
    },
    "weighted avg": {
      "precision": 0.8950408470259176,
      "recall": 0.8948432760364005,
      "f1-score": 0.8949012354355804,
      "support": 2967.0
    }
  },
  "test_confusion_matrix": [
    [
      1207,
      146
    ],
    [
      166,
      1448
    ]
  ],
  "wilcoxon_p_value": 0.4375
}