{
  "kge_model_type": "transe",
  "kge_search_type": "smart",
  "kge_embedding_dim": 128,
  "kge_metrics": {
    "train_mrr": 0.5155154466629028,
    "test_mrr": 0.10880208015441895,
    "train_test_gap": 0.4067133665084839
  },
  "selection_criterion": "downstream_auc",
  "best_classifier_params": {
    "subsample": 0.8,
    "n_estimators": 100,
    "min_child_weight": 5,
    "max_depth": 10,
    "learning_rate": 0.1,
    "gamma": 0.2,
    "colsample_bytree": 1.0
  },
  "cv_results": {
    "fold_accuracies": [
      0.8915094339622641,
      0.9076196898179366,
      0.904248145650708,
      0.9008766014834795,
      0.9028995279838166,
      0.908968307484828,
      0.9022252191503709,
      0.9069453809844908,
      0.8988536749831423,
      0.9028995279838166
    ],
    "fold_aucs": [
      0.962764876752346,
      0.9699815959467089,
      0.9683474113342573,
      0.9677782421562806,
      0.9660798999875351,
      0.9696351451427231,
      0.9669982695790531,
      0.9705791777567585,
      0.9661587221281246,
      0.9639370376073264
    ],
    "fold_logloss": [
      0.24759857025147025,
      0.22521353024435994,
      0.23083200423167813,
      0.23325424476002757,
      0.23688443277199056,
      0.22736250945978922,
      0.23458436457728415,
      0.22323222813518134,
      0.23750022769176157,
      0.24416736520835594
    ],
    "fold_mean_per_class_error": [
      0.10808033107649279,
      0.09280665478835343,
      0.09722527734395048,
      0.09996297192465337,
      0.09894469985262094,
      0.09252802768673513,
      0.0982435494159829,
      0.0928259020552415,
      0.10182170798413293,
      0.09618317532243753
    ],
    "mean_accuracy": 0.9027045509484853,
    "std_accuracy": 0.004770405018393414,
    "ci_accuracy": [
      0.8991074156544607,
      0.90630168624251
    ],
    "mean_auc": 0.9672260378391113,
    "std_auc": 0.0024377655314708263,
    "ci_auc": [
      0.9653878349196529,
      0.9690642407585698
    ],
    "mean_logloss": 0.23406294773318986,
    "std_logloss": 0.007463011608590798,
    "mean_mpce": 0.09786222974506009,
    "std_mpce": 0.004565297417824986
  },
  "test_accuracy": 0.8891135827435119,
  "test_auc": 0.9614789659217984,
  "test_logloss": 0.2527963281620772,
  "test_mpce": 0.11130298359421581,
  "test_classification_report": {
    "0": {
      "precision": 0.8742690058479532,
      "recall": 0.8839615668883961,
      "f1-score": 0.8790885703785373,
      "support": 1353.0
    },
    "1": {
      "precision": 0.9018136335209506,
      "recall": 0.8934324659231723,
      "f1-score": 0.8976034858387799,
      "support": 1614.0
    },
    "accuracy": 0.8891135827435119,
    "macro avg": {
      "precision": 0.8880413196844519,
      "recall": 0.8886970164057841,
      "f1-score": 0.8883460281086586,
      "support": 2967.0
    },
    "weighted avg": {
      "precision": 0.889252837686247,
      "recall": 0.8891135827435119,
      "f1-score": 0.8891603848553932,
      "support": 2967.0
    }
  },
  "test_confusion_matrix": [
    [
      1196,
      157
    ],
    [
      172,
      1442
    ]
  ],
  "wilcoxon_p_value": 0.7150006546880893
}