{
  "kge_model_type": "transe",
  "kge_embedding_dim": 32,
  "kge_metrics": {
    "mrr": 0.10037764906883238,
    "hits_at_1": 0,
    "hits_at_3": 0,
    "hits_at_10": 0
  },
  "kge_config": {
    "embedding_dim": 32,
    "learning_rate": 0.0001,
    "num_epochs": 80,
    "batch_size": 100,
    "scoring_fct_norm": 2,
    "regularizer_weight": 0.03,
    "model_name": "TransE",
    "model_type": "transe",
    "num_entities": 8464,
    "num_relations": 2320,
    "training_triples": 11877,
    "testing_triples": 13973,
    "train_evaluation": {
      "mrr": 0.11255816370248795,
      "hits_at_1": 0.025890376357666077,
      "hits_at_10": 0.2497263618758946
    },
    "val_evaluation": {
      "mrr": 0.02999553643167019,
      "hits_at_1": 0.003816793893129771,
      "hits_at_10": 0.06774809160305344
    },
    "train_test_gap": 0.012180514633655562,
    "val_test_gap": -0.0703821126371622,
    "mrr_score": 0.10037764906883238,
    "actual_epochs": 80,
    "early_stopped": false,
    "best_mrr_score": 0.10037764906883238,
    "best_hyperparams": {
      "embedding_dim": 32,
      "learning_rate": 0.0001,
      "num_epochs": 80,
      "batch_size": 100,
      "scoring_fct_norm": 2,
      "regularizer_weight": 0.03
    },
    "search_type": "smart",
    "total_configurations_tried": 1,
    "models_after_filtering": 1
  },
  "selection_criterion": "downstream_auc",
  "best_classifier_params": {
    "subsample": 0.8,
    "n_estimators": 300,
    "max_depth": 10,
    "learning_rate": 0.05,
    "colsample_bytree": 0.6
  },
  "cv_results": {
    "mean_accuracy": 0.7940126919099297,
    "std_accuracy": 0.0051135621332190455,
    "ci_accuracy": [
      0.7901567981741427,
      0.7978685856457167
    ],
    "variance_accuracy": 2.614851769029171e-05,
    "mean_auc": 0.909649932220703,
    "std_auc": 0.005792794992708179,
    "ci_auc": [
      0.9052818613254696,
      0.9140180031159364
    ],
    "mean_logloss": 0.34616729718725386,
    "std_logloss": 0.01336328361571326,
    "ci_logloss": [
      0.33609068127040836,
      0.35624391310409936
    ],
    "mean_mpce": 0.19834627068628335,
    "std_mpce": 0.008020328701226447,
    "ci_mpce": [
      0.19229852267964212,
      0.2043940186929246
    ],
    "fold_accuracies": [
      0.7917789757412399,
      0.8010788941335132,
      0.7983816587997303,
      0.7842211732973702,
      0.7943358057990559,
      0.7875927174645988,
      0.7977073499662846,
      0.7977073499662846,
      0.7970330411328388,
      0.7902899527983817
    ],
    "fold_aucs": [
      0.913917915433458,
      0.9190212489826445,
      0.9167060777369613,
      0.8997354875607664,
      0.9141709377268428,
      0.9075434621617063,
      0.9033374760783969,
      0.9070723623912071,
      0.9081318786065712,
      0.9068624755284749
    ],
    "fold_logloss": [
      0.33838025663885,
      0.32747215182571754,
      0.32738132548367466,
      0.36150831776813963,
      0.33037056957034644,
      0.3503320739124711,
      0.35933206778724436,
      0.36034874520402377,
      0.34852726285428964,
      0.35802020082778097
    ],
    "fold_mean_per_class_error": [
      0.21762403928696283,
      0.18961949069898743,
      0.19389879970377538,
      0.2064296869844482,
      0.19689587411920845,
      0.20249132956453514,
      0.19295751669929534,
      0.1925973178475323,
      0.19297676396618346,
      0.19797188799190513
    ],
    "cv_scores": [
      0.7917789757412399,
      0.8010788941335132,
      0.7983816587997303,
      0.7842211732973702,
      0.7943358057990559,
      0.7875927174645988,
      0.7977073499662846,
      0.7977073499662846,
      0.7970330411328388,
      0.7902899527983817
    ]
  },
  "test_accuracy": 0.7994607347489047,
  "test_auc": 0.9125077504577006,
  "test_logloss": 0.3508899717892859,
  "test_mpce": 0.1916153556601467,
  "test_classification_report": {
    "0": {
      "precision": 0.7224178403755869,
      "recall": 0.909830007390983,
      "f1-score": 0.8053647366699378,
      "support": 1353.0
    },
    "1": {
      "precision": 0.9034045922406968,
      "recall": 0.7069392812887236,
      "f1-score": 0.7931873479318735,
      "support": 1614.0
    },
    "accuracy": 0.7994607347489047,
    "macro avg": {
      "precision": 0.8129112163081418,
      "recall": 0.8083846443398532,
      "f1-score": 0.7992760423009057,
      "support": 2967.0
    },
    "weighted avg": {
      "precision": 0.8208717053942209,
      "recall": 0.7994607347489047,
      "f1-score": 0.7987404342017087,
      "support": 2967.0
    }
  },
  "test_confusion_matrix": [
    [
      1231,
      122
    ],
    [
      473,
      1141
    ]
  ],
  "wilcoxon_p_value": 0.625
}