{
  "kge_model_type": "transe",
  "kge_search_type": "smart",
  "kge_embedding_dim": 24,
  "kge_metrics": {
    "train_mrr": 0.5590834021568298,
    "test_mrr": 0.15767216682434082,
    "train_test_gap": 0.401411235332489
  },
  "selection_criterion": "downstream_auc",
  "best_classifier_params": {
    "subsample": 1.0,
    "n_estimators": 100,
    "min_child_weight": 1,
    "max_depth": 10,
    "learning_rate": 0.2,
    "gamma": 0.1,
    "colsample_bytree": 0.8
  },
  "cv_results": {
    "fold_accuracies": [
      0.8915094339622641,
      0.9136884693189481,
      0.9076196898179366,
      0.9028995279838166,
      0.9055967633175994,
      0.9204315576534052,
      0.9008766014834795,
      0.9055967633175994,
      0.9015509103169251,
      0.9130141604855023
    ],
    "fold_aucs": [
      0.9615897821682142,
      0.9739227029761774,
      0.969659891628722,
      0.9704325319138015,
      0.9723233467514277,
      0.973073990160064,
      0.9685838777560254,
      0.9691182185462999,
      0.9690751413299311,
      0.9706057573157945
    ],
    "fold_logloss": [
      0.2626659547886554,
      0.2039459429937702,
      0.22674340644498844,
      0.22161417915749532,
      0.215200053896633,
      0.20907828376642473,
      0.22936033360723712,
      0.22650597542528147,
      0.22803684553942918,
      0.22077567831438719
    ],
    "fold_mean_per_class_error": [
      0.10772340982430323,
      0.08675018147423069,
      0.09268658850443234,
      0.0973838381616477,
      0.09646638510664818,
      0.08091459346106183,
      0.09948270678896931,
      0.0958660536870431,
      0.09898319438639713,
      0.08664936245719773
    ],
    "mean_accuracy": 0.9062783877657477,
    "std_accuracy": 0.007644524207181316,
    "ci_accuracy": [
      0.9005140160351187,
      0.9120427594963766
    ],
    "mean_auc": 0.9698385240546459,
    "std_auc": 0.0032405860153302225,
    "ci_auc": [
      0.9673949524325045,
      0.9722820956767873
    ],
    "mean_logloss": 0.2243926653934302,
    "std_logloss": 0.015068841857496665,
    "mean_mpce": 0.09429063138519311,
    "std_mpce": 0.007368445146442247
  },
  "test_accuracy": 0.8945062352544658,
  "test_auc": 0.962418866331279,
  "test_logloss": 0.2549404255293284,
  "test_mpce": 0.10592803545473778,
  "test_classification_report": {
    "0": {
      "precision": 0.8806734992679356,
      "recall": 0.8891352549889135,
      "f1-score": 0.8848841485840383,
      "support": 1353.0
    },
    "1": {
      "precision": 0.9063085571517802,
      "recall": 0.8990086741016109,
      "f1-score": 0.9026438569206843,
      "support": 1614.0
    },
    "accuracy": 0.8945062352544658,
    "macro avg": {
      "precision": 0.8934910282098578,
      "recall": 0.8940719645452622,
      "f1-score": 0.8937640027523612,
      "support": 2967.0
    },
    "weighted avg": {
      "precision": 0.8946185560338692,
      "recall": 0.8945062352544658,
      "f1-score": 0.8945451426033664,
      "support": 2967.0
    }
  },
  "test_confusion_matrix": [
    [
      1203,
      150
    ],
    [
      163,
      1451
    ]
  ],
  "wilcoxon_p_value": 1.0
}