{
  "kge_model_type": "complex",
  "kge_search_type": "smart",
  "kge_embedding_dim": 12,
  "kge_metrics": {
    "train_mrr": 0.5585805773735046,
    "test_mrr": 0.11057963222265244,
    "train_test_gap": 0.4480009451508522
  },
  "selection_criterion": "downstream_auc",
  "best_classifier_params": {
    "subsample": 1.0,
    "n_estimators": 100,
    "min_child_weight": 1,
    "max_depth": 10,
    "learning_rate": 0.2,
    "gamma": 0.1,
    "colsample_bytree": 0.8
  },
  "cv_results": {
    "fold_accuracies": [
      0.8692722371967655,
      0.8853674983142279,
      0.890087660148348,
      0.8786244099797708,
      0.877950101146325,
      0.8921105866486851,
      0.8860418071476737,
      0.882670262980445,
      0.8853674983142279,
      0.8671611598111936
    ],
    "fold_aucs": [
      0.9403374095570699,
      0.9603176348958448,
      0.957191328831306,
      0.9521604598813633,
      0.9548605764648086,
      0.9568494607099125,
      0.9568375457351722,
      0.9584845618588828,
      0.9519359084343356,
      0.9483779136695921
    ],
    "fold_logloss": [
      0.3151943267935254,
      0.25417459764652206,
      0.26396705267284065,
      0.278583119035562,
      0.2699564066224895,
      0.26689694177277856,
      0.2652847251219214,
      0.2596568424155835,
      0.28007442449191455,
      0.2910107057033792
    ],
    "fold_mean_per_class_error": [
      0.13161974524974424,
      0.11553401083712783,
      0.11131702631559653,
      0.12269032797342777,
      0.12355003922776298,
      0.10873789255259086,
      0.1168354926933709,
      0.11729192787957443,
      0.11517381198536475,
      0.13202250280460176
    ],
    "mean_accuracy": 0.8814653221687662,
    "std_accuracy": 0.007837246744439147,
    "ci_accuracy": [
      0.8755556275487701,
      0.8873750167887622
    ],
    "mean_auc": 0.9537352800038288,
    "std_auc": 0.005588720039819255,
    "ci_auc": [
      0.9495210923140743,
      0.9579494676935832
    ],
    "mean_logloss": 0.27447991422765167,
    "std_logloss": 0.01698272647328007,
    "mean_mpce": 0.11947727775191622,
    "std_mpce": 0.007479848382234257
  },
  "test_accuracy": 0.8752949106841927,
  "test_auc": 0.9465046695076615,
  "test_logloss": 0.297790692365406,
  "test_mpce": 0.1259166604846177,
  "test_classification_report": {
    "0": {
      "precision": 0.8654275092936803,
      "recall": 0.8603104212860311,
      "f1-score": 0.8628613787991104,
      "support": 1353.0
    },
    "1": {
      "precision": 0.8834771886559802,
      "recall": 0.8878562577447335,
      "f1-score": 0.8856613102595797,
      "support": 1614.0
    },
    "accuracy": 0.8752949106841927,
    "macro avg": {
      "precision": 0.8744523489748303,
      "recall": 0.8740833395153823,
      "f1-score": 0.874261344529345,
      "support": 2967.0
    },
    "weighted avg": {
      "precision": 0.8752462428598252,
      "recall": 0.8752949106841927,
      "f1-score": 0.8752641726572828,
      "support": 2967.0
    }
  },
  "test_confusion_matrix": [
    [
      1164,
      189
    ],
    [
      181,
      1433
    ]
  ],
  "wilcoxon_p_value": 1.0
}