{
  "timestamp": "2025-08-02T09:27:17.968554",
  "model_info": {
    "kge_model": "transe",
    "classifier": "XGBoost",
    "is_binary_classification": false
  },
  "best_parameters": {
    "subsample": 0.8,
    "reg_lambda": 1,
    "reg_alpha": 0,
    "n_estimators": 150,
    "max_depth": 10,
    "learning_rate": 0.1,
    "colsample_bytree": 0.8
  },
  "test_metrics": {
    "accuracy": 0.8969158099472075,
    "logloss": 0.3656659109290195,
    "mean_per_class_error": 0.12459988398771465,
    "n_classes": 13
  },
  "auc_metrics": {
    "roc_auc_macro": 0.9910852950690471,
    "per_class_auc": [
      0.982103670071888,
      0.9859148419134156,
      0.9967260241156272,
      0.9935590097869891,
      0.9867248219251668,
      0.9938106095151238,
      0.9913454974244399,
      0.9867146325907195,
      0.993605056533792,
      1.0,
      0.9878399794406133,
      0.9968548500140174,
      0.98890984256582
    ]
  },
  "confusion_matrix": [
    [
      62,
      0,
      0,
      0,
      0,
      4,
      3,
      1,
      5,
      0,
      0,
      0,
      0
    ],
    [
      0,
      114,
      0,
      0,
      0,
      3,
      8,
      3,
      2,
      0,
      0,
      0,
      1
    ],
    [
      0,
      0,
      18,
      0,
      0,
      3,
      0,
      0,
      0,
      0,
      0,
      0,
      0
    ],
    [
      0,
      0,
      0,
      112,
      0,
      3,
      5,
      3,
      0,
      0,
      2,
      0,
      0
    ],
    [
      0,
      1,
      0,
      0,
      169,
      11,
      5,
      13,
      3,
      0,
      8,
      0,
      1
    ],
    [
      0,
      0,
      0,
      0,
      2,
      640,
      3,
      12,
      4,
      0,
      12,
      0,
      2
    ],
    [
      0,
      8,
      0,
      1,
      1,
      11,
      479,
      9,
      8,
      0,
      5,
      0,
      2
    ],
    [
      0,
      0,
      0,
      1,
      1,
      19,
      18,
      530,
      7,
      0,
      16,
      1,
      2
    ],
    [
      1,
      0,
      0,
      1,
      1,
      10,
      16,
      7,
      503,
      0,
      7,
      0,
      1
    ],
    [
      0,
      0,
      0,
      0,
      0,
      0,
      0,
      0,
      0,
      2,
      0,
      0,
      0
    ],
    [
      0,
      1,
      0,
      0,
      2,
      15,
      11,
      17,
      2,
      0,
      389,
      1,
      6
    ],
    [
      0,
      0,
      0,
      0,
      0,
      2,
      4,
      2,
      0,
      0,
      1,
      23,
      0
    ],
    [
      0,
      0,
      0,
      0,
      1,
      9,
      3,
      9,
      0,
      0,
      8,
      0,
      187
    ]
  ],
  "classification_report": {
    "0": {
      "precision": 0.9841269841269841,
      "recall": 0.8266666666666667,
      "f1-score": 0.8985507246376812,
      "support": 75.0
    },
    "1": {
      "precision": 0.9193548387096774,
      "recall": 0.8702290076335878,
      "f1-score": 0.8941176470588236,
      "support": 131.0
    },
    "2": {
      "precision": 1.0,
      "recall": 0.8571428571428571,
      "f1-score": 0.9230769230769231,
      "support": 21.0
    },
    "3": {
      "precision": 0.9739130434782609,
      "recall": 0.896,
      "f1-score": 0.9333333333333333,
      "support": 125.0
    },
    "4": {
      "precision": 0.9548022598870056,
      "recall": 0.8009478672985783,
      "f1-score": 0.8711340206185567,
      "support": 211.0
    },
    "5": {
      "precision": 0.8767123287671232,
      "recall": 0.9481481481481482,
      "f1-score": 0.9110320284697508,
      "support": 675.0
    },
    "6": {
      "precision": 0.863063063063063,
      "recall": 0.9141221374045801,
      "f1-score": 0.8878591288229842,
      "support": 524.0
    },
    "7": {
      "precision": 0.8745874587458746,
      "recall": 0.8907563025210085,
      "f1-score": 0.8825978351373855,
      "support": 595.0
    },
    "8": {
      "precision": 0.9419475655430711,
      "recall": 0.9195612431444241,
      "f1-score": 0.9306197964847364,
      "support": 547.0
    },
    "9": {
      "precision": 1.0,
      "recall": 1.0,
      "f1-score": 1.0,
      "support": 2.0
    },
    "10": {
      "precision": 0.8683035714285714,
      "recall": 0.8761261261261262,
      "f1-score": 0.8721973094170403,
      "support": 444.0
    },
    "11": {
      "precision": 0.92,
      "recall": 0.71875,
      "f1-score": 0.8070175438596491,
      "support": 32.0
    },
    "12": {
      "precision": 0.9257425742574258,
      "recall": 0.8617511520737328,
      "f1-score": 0.8926014319809069,
      "support": 217.0
    },
    "accuracy": 0.8969158099472075,
    "macro avg": {
      "precision": 0.9309656683082351,
      "recall": 0.8754001160122853,
      "f1-score": 0.9003182863767516,
      "support": 3599.0
    },
    "weighted avg": {
      "precision": 0.8991250521112221,
      "recall": 0.8969158099472075,
      "f1-score": 0.8967867455801838,
      "support": 3599.0
    }
  },
  "top_cv_results": [
    {
      "rank": 1,
      "mean_score": -0.5399148636389463,
      "std_score": 0.008868566004667943,
      "params": {
        "subsample": 0.8,
        "reg_lambda": 1,
        "reg_alpha": 0,
        "n_estimators": 150,
        "max_depth": 10,
        "learning_rate": 0.1,
        "colsample_bytree": 0.8
      }
    },
    {
      "rank": 2,
      "mean_score": -0.5414790083691712,
      "std_score": 0.006586711730489137,
      "params": {
        "subsample": 0.8,
        "reg_lambda": 0.5,
        "reg_alpha": 1,
        "n_estimators": 450,
        "max_depth": 10,
        "learning_rate": 0.1,
        "colsample_bytree": 0.8
      }
    },
    {
      "rank": 3,
      "mean_score": -0.5573943827891193,
      "std_score": 0.012282186245557655,
      "params": {
        "subsample": 0.6,
        "reg_lambda": 0,
        "reg_alpha": 1,
        "n_estimators": 250,
        "max_depth": 6,
        "learning_rate": 0.1,
        "colsample_bytree": 0.8
      }
    },
    {
      "rank": 4,
      "mean_score": -0.5758953699751236,
      "std_score": 0.00960546302628745,
      "params": {
        "subsample": 0.8,
        "reg_lambda": 0.5,
        "reg_alpha": 0.5,
        "n_estimators": 150,
        "max_depth": 10,
        "learning_rate": 0.3,
        "colsample_bytree": 0.8
      }
    },
    {
      "rank": 5,
      "mean_score": -0.6126350808634841,
      "std_score": 0.009981121619407314,
      "params": {
        "subsample": 0.4,
        "reg_lambda": 0.5,
        "reg_alpha": 1,
        "n_estimators": 150,
        "max_depth": 6,
        "learning_rate": 0.3,
        "colsample_bytree": 0.8
      }
    }
  ]
}