{
  "kge_model_type": "transe",
  "kge_embedding_dim": 64,
  "kge_metrics": {
    "mrr": 0.3299104869365692,
    "hits_at_1": 0,
    "hits_at_3": 0,
    "hits_at_10": 0
  },
  "kge_config": {
    "embedding_dim": 64,
    "learning_rate": 0.0001,
    "num_epochs": 80,
    "batch_size": 100,
    "scoring_fct_norm": 2,
    "regularizer_weight": 0.02,
    "model_name": "TransE",
    "model_type": "transe",
    "num_entities": 7360,
    "num_relations": 1328,
    "training_triples": 7918,
    "testing_triples": 9316,
    "train_evaluation": {
      "mrr": 0.37724950909614563,
      "hits_at_1": 0.06946198534983582,
      "hits_at_10": 0.7512629451881788
    },
    "val_evaluation": {
      "mrr": 0.060132235288619995,
      "hits_at_1": 0.0,
      "hits_at_10": 0.14628040057224606
    },
    "train_test_gap": 0.047339022159576416,
    "val_test_gap": -0.2697782516479492,
    "mrr_score": 0.3299104869365692,
    "actual_epochs": 80,
    "early_stopped": false,
    "best_mrr_score": 0.3299104869365692,
    "best_hyperparams": {
      "embedding_dim": 64,
      "learning_rate": 0.0001,
      "num_epochs": 80,
      "batch_size": 100,
      "scoring_fct_norm": 2,
      "regularizer_weight": 0.02
    },
    "search_type": "smart",
    "total_configurations_tried": 2,
    "models_after_filtering": 2
  },
  "selection_criterion": "downstream_auc",
  "best_classifier_params": {
    "subsample": 0.8,
    "n_estimators": 300,
    "max_depth": 10,
    "learning_rate": 0.05,
    "colsample_bytree": 0.6
  },
  "cv_results": {
    "mean_accuracy": 0.8156940762166259,
    "std_accuracy": 0.012026247304618869,
    "ci_accuracy": [
      0.8066256557224931,
      0.8247624967107587
    ],
    "variance_accuracy": 0.0001446306242318526,
    "mean_auc": 0.9744117258826368,
    "std_auc": 0.0029815722128160894,
    "ci_auc": [
      0.9721634642367073,
      0.9766599875285663
    ],
    "mean_logloss": 0.5262102484210112,
    "std_logloss": 0.02670974793053677,
    "ci_logloss": [
      0.5060696992213141,
      0.5463507976207083
    ],
    "mean_mpce": 0.20777442521823847,
    "std_mpce": 0.015385298295420284,
    "ci_mpce": [
      0.19617310430436116,
      0.21937574613211577
    ],
    "fold_accuracies": [
      0.7955911823647295,
      0.8076152304609219,
      0.8206412825651302,
      0.8076152304609219,
      0.8406813627254509,
      0.8166332665330661,
      0.8306613226452906,
      0.8106212424849699,
      0.8144433299899699,
      0.8124373119358074
    ],
    "fold_aucs": [
      0.9704303551518476,
      0.9745154805946219,
      0.9747752732622698,
      0.9767641463612051,
      0.9798253819114355,
      0.9705904974593044,
      0.9781198844723249,
      0.972682350711529,
      0.9718256464392059,
      0.9745882424626242
    ],
    "fold_logloss": [
      0.5623940793412385,
      0.5421053046809922,
      0.5373778764350604,
      0.505124306674937,
      0.47300589236953383,
      0.5414437025321824,
      0.4971763011457262,
      0.554925932928511,
      0.535786166348307,
      0.5127629217536237
    ],
    "fold_mean_per_class_error": [
      0.23531487573697987,
      0.2302057761428416,
      0.19999553726748043,
      0.2114166382680222,
      0.18617023640811764,
      0.20870806505305112,
      0.18476226882526892,
      0.2078837617876319,
      0.21063814118156435,
      0.20264895151142664
    ],
    "cv_scores": [
      0.7955911823647295,
      0.8076152304609219,
      0.8206412825651302,
      0.8076152304609219,
      0.8406813627254509,
      0.8166332665330661,
      0.8306613226452906,
      0.8106212424849699,
      0.8144433299899699,
      0.8124373119358074
    ]
  },
  "test_accuracy": 0.8051102204408818,
  "test_auc": 0.9661518552575215,
  "test_logloss": 0.5825894264646665,
  "test_mpce": 0.2216175202152263,
  "test_classification_report": {
    "0": {
      "precision": 0.8627450980392157,
      "recall": 0.8110599078341014,
      "f1-score": 0.836104513064133,
      "support": 217.0
    },
    "1": {
      "precision": 0.8666666666666667,
      "recall": 0.6753246753246753,
      "f1-score": 0.7591240875912408,
      "support": 77.0
    },
    "2": {
      "precision": 0.7178030303030303,
      "recall": 0.871264367816092,
      "f1-score": 0.7871235721703012,
      "support": 435.0
    },
    "3": {
      "precision": 0.963855421686747,
      "recall": 0.7843137254901961,
      "f1-score": 0.8648648648648649,
      "support": 102.0
    },
    "4": {
      "precision": 0.8564356435643564,
      "recall": 0.8398058252427184,
      "f1-score": 0.8480392156862745,
      "support": 412.0
    },
    "5": {
      "precision": 0.8103448275862069,
      "recall": 0.7807308970099668,
      "f1-score": 0.7952622673434856,
      "support": 301.0
    },
    "6": {
      "precision": 0.759375,
      "recall": 0.7788461538461539,
      "f1-score": 0.7689873417721519,
      "support": 312.0
    },
    "7": {
      "precision": 0.897196261682243,
      "recall": 0.6857142857142857,
      "f1-score": 0.7773279352226721,
      "support": 140.0
    },
    "accuracy": 0.8051102204408818,
    "macro avg": {
      "precision": 0.8418027436910582,
      "recall": 0.7783824797847737,
      "f1-score": 0.8046042247143905,
      "support": 1996.0
    },
    "weighted avg": {
      "precision": 0.8135292313072078,
      "recall": 0.8051102204408818,
      "f1-score": 0.8056203732900598,
      "support": 1996.0
    }
  },
  "test_confusion_matrix": [
    [
      176,
      3,
      15,
      0,
      6,
      4,
      12,
      1
    ],
    [
      2,
      52,
      10,
      1,
      2,
      4,
      6,
      0
    ],
    [
      5,
      0,
      379,
      2,
      13,
      18,
      17,
      1
    ],
    [
      1,
      0,
      10,
      80,
      1,
      0,
      10,
      0
    ],
    [
      7,
      2,
      26,
      0,
      346,
      17,
      10,
      4
    ],
    [
      4,
      2,
      26,
      0,
      14,
      235,
      16,
      4
    ],
    [
      6,
      1,
      45,
      0,
      9,
      7,
      243,
      1
    ],
    [
      3,
      0,
      17,
      0,
      13,
      5,
      6,
      96
    ]
  ],
  "wilcoxon_p_value": 1.0
}