{
  "timestamp": "2025-11-01T08:27:14.660931",
  "model_type": "XGBoost",
  "kge_model_type": "transe",
  "embedding_dim": 128,
  "classification_type": "multiclass",
  "best_params": {
    "subsample": 1.0,
    "n_estimators": 100,
    "min_child_weight": 1,
    "max_depth": 10,
    "learning_rate": 0.2,
    "gamma": 0.1,
    "colsample_bytree": 0.8
  },
  "cv_results": {
    "best_score": -0.452830792634852,
    "best_params": {
      "subsample": 1.0,
      "n_estimators": 100,
      "min_child_weight": 1,
      "max_depth": 10,
      "learning_rate": 0.2,
      "gamma": 0.1,
      "colsample_bytree": 0.8
    }
  },
  "test_metrics": {
    "accuracy": 0.9000603864734299,
    "logloss": 0.32543143910202477,
    "classification_report": {
      "0": {
        "precision": 0.9142857142857143,
        "recall": 0.7619047619047619,
        "f1-score": 0.8311688311688312,
        "support": 42.0
      },
      "1": {
        "precision": 0.9238095238095239,
        "recall": 0.782258064516129,
        "f1-score": 0.8471615720524017,
        "support": 124.0
      },
      "2": {
        "precision": 0.9199475065616798,
        "recall": 0.9033505154639175,
        "f1-score": 0.9115734720416124,
        "support": 776.0
      },
      "3": {
        "precision": 0.9385474860335196,
        "recall": 0.9032258064516129,
        "f1-score": 0.9205479452054794,
        "support": 372.0
      },
      "4": {
        "precision": 0.9112426035502958,
        "recall": 0.8700564971751412,
        "f1-score": 0.8901734104046243,
        "support": 531.0
      },
      "5": {
        "precision": 0.8624595469255664,
        "recall": 0.9517857142857142,
        "f1-score": 0.9049235993208828,
        "support": 1120.0
      },
      "6": {
        "precision": 0.9288025889967637,
        "recall": 0.8270893371757925,
        "f1-score": 0.875,
        "support": 347.0
      },
      "accuracy": 0.9000603864734299,
      "macro avg": {
        "precision": 0.9141564243090091,
        "recall": 0.8570958138532955,
        "f1-score": 0.8829355471705475,
        "support": 3312.0
      },
      "weighted avg": {
        "precision": 0.9022011848648648,
        "recall": 0.9000603864734299,
        "f1-score": 0.8996387342779476,
        "support": 3312.0
      }
    },
    "confusion_matrix": [
      [
        32,
        0,
        0,
        1,
        0,
        9,
        0
      ],
      [
        0,
        97,
        8,
        2,
        1,
        10,
        6
      ],
      [
        1,
        3,
        701,
        5,
        12,
        43,
        11
      ],
      [
        0,
        0,
        3,
        336,
        5,
        27,
        1
      ],
      [
        1,
        0,
        10,
        2,
        462,
        54,
        2
      ],
      [
        1,
        2,
        27,
        5,
        17,
        1066,
        2
      ],
      [
        0,
        3,
        13,
        7,
        10,
        27,
        287
      ]
    ],
    "per_class_metrics": {
      "0": {
        "accuracy": 0.7619047619047619,
        "error": 0.23809523809523814,
        "samples": 42
      },
      "1": {
        "accuracy": 0.782258064516129,
        "error": 0.217741935483871,
        "samples": 124
      },
      "2": {
        "accuracy": 0.9033505154639175,
        "error": 0.09664948453608246,
        "samples": 776
      },
      "3": {
        "accuracy": 0.9032258064516129,
        "error": 0.09677419354838712,
        "samples": 372
      },
      "4": {
        "accuracy": 0.8700564971751412,
        "error": 0.12994350282485878,
        "samples": 531
      },
      "5": {
        "accuracy": 0.9517857142857142,
        "error": 0.048214285714285765,
        "samples": 1120
      },
      "6": {
        "accuracy": 0.8270893371757925,
        "error": 0.17291066282420753,
        "samples": 347
      }
    },
    "mean_per_class_error": 0.14290418614670441,
    "auc_metrics": {
      "roc_auc_macro": 0.9840739774145094
    }
  }
}