{
  "timestamp": "2025-11-01T12:44:44.510891",
  "model_type": "XGBoost",
  "kge_model_type": "complex",
  "embedding_dim": 256,
  "classification_type": "multiclass",
  "best_params": {
    "subsample": 1.0,
    "n_estimators": 100,
    "min_child_weight": 1,
    "max_depth": 10,
    "learning_rate": 0.2,
    "gamma": 0.1,
    "colsample_bytree": 0.8
  },
  "cv_results": {
    "best_score": -0.5667485535013453,
    "best_params": {
      "subsample": 1.0,
      "n_estimators": 100,
      "min_child_weight": 1,
      "max_depth": 10,
      "learning_rate": 0.2,
      "gamma": 0.1,
      "colsample_bytree": 0.8
    }
  },
  "test_metrics": {
    "accuracy": 0.8626207729468599,
    "logloss": 0.42723174535301794,
    "classification_report": {
      "0": {
        "precision": 0.9333333333333333,
        "recall": 0.6666666666666666,
        "f1-score": 0.7777777777777778,
        "support": 42.0
      },
      "1": {
        "precision": 0.95,
        "recall": 0.7661290322580645,
        "f1-score": 0.8482142857142857,
        "support": 124.0
      },
      "2": {
        "precision": 0.8936170212765957,
        "recall": 0.865979381443299,
        "f1-score": 0.8795811518324608,
        "support": 776.0
      },
      "3": {
        "precision": 0.9520958083832335,
        "recall": 0.8548387096774194,
        "f1-score": 0.9008498583569405,
        "support": 372.0
      },
      "4": {
        "precision": 0.927765237020316,
        "recall": 0.7740112994350282,
        "f1-score": 0.8439425051334702,
        "support": 531.0
      },
      "5": {
        "precision": 0.7868131868131868,
        "recall": 0.9589285714285715,
        "f1-score": 0.8643863179074447,
        "support": 1120.0
      },
      "6": {
        "precision": 0.8993055555555556,
        "recall": 0.7463976945244957,
        "f1-score": 0.815748031496063,
        "support": 347.0
      },
      "accuracy": 0.8626207729468599,
      "macro avg": {
        "precision": 0.9061328774831744,
        "recall": 0.8047073364905064,
        "f1-score": 0.8472142754597776,
        "support": 3312.0
      },
      "weighted avg": {
        "precision": 0.8727534985191835,
        "recall": 0.8626207729468599,
        "f1-score": 0.8619646957842253,
        "support": 3312.0
      }
    },
    "confusion_matrix": [
      [
        28,
        0,
        4,
        1,
        1,
        8,
        0
      ],
      [
        0,
        95,
        14,
        0,
        1,
        10,
        4
      ],
      [
        0,
        3,
        672,
        2,
        8,
        78,
        13
      ],
      [
        1,
        0,
        7,
        318,
        8,
        35,
        3
      ],
      [
        1,
        0,
        14,
        4,
        411,
        99,
        2
      ],
      [
        0,
        1,
        21,
        5,
        12,
        1074,
        7
      ],
      [
        0,
        1,
        20,
        4,
        2,
        61,
        259
      ]
    ],
    "per_class_metrics": {
      "0": {
        "accuracy": 0.6666666666666666,
        "error": 0.33333333333333337,
        "samples": 42
      },
      "1": {
        "accuracy": 0.7661290322580645,
        "error": 0.2338709677419355,
        "samples": 124
      },
      "2": {
        "accuracy": 0.865979381443299,
        "error": 0.134020618556701,
        "samples": 776
      },
      "3": {
        "accuracy": 0.8548387096774194,
        "error": 0.14516129032258063,
        "samples": 372
      },
      "4": {
        "accuracy": 0.7740112994350282,
        "error": 0.22598870056497178,
        "samples": 531
      },
      "5": {
        "accuracy": 0.9589285714285715,
        "error": 0.04107142857142854,
        "samples": 1120
      },
      "6": {
        "accuracy": 0.7463976945244957,
        "error": 0.25360230547550433,
        "samples": 347
      }
    },
    "mean_per_class_error": 0.19529266350949362,
    "auc_metrics": {
      "roc_auc_macro": 0.9777870063372054
    }
  }
}