{
  "timestamp": "2025-11-01T09:46:37.340709",
  "model_path": "../data/triples_emb/bbc/complex_model.pkl",
  "mappings_path": "../data/triples_emb/bbc/complex_mappings.pkl",
  "metrics": {
    "model_type": "complex",
    "model_name": "ComplEx",
    "embedding_dim": 200,
    "num_entities": 12379,
    "num_relations": 2279,
    "training_triples": 12427,
    "testing_triples": 3107,
    "evaluation": {
      "hits_at_1": 0.0,
      "hits_at_3": 0.0,
      "hits_at_10": 0.000643707756678468,
      "mrr": 0.000679223274346441,
      "mr": 6102.35595703125
    },
    "grid_search_score": 0.000679223274346441,
    "grid_search_results": [
      {
        "model_type": "complex",
        "model_name": "ComplEx",
        "embedding_dim": 128,
        "num_entities": 12379,
        "num_relations": 2279,
        "training_triples": 12427,
        "testing_triples": 3107,
        "evaluation": {
          "hits_at_1": 0.0,
          "hits_at_3": 0.0,
          "hits_at_10": 0.0009655616350177019,
          "mrr": 0.0006605141679756343,
          "mr": 5899.92529296875
        },
        "grid_search_score": 0.0006605141679756343
      },
      