{
  "kge_model_type": "distmult",
  "kge_search_type": "smart",
  "kge_embedding_dim": 20,
  "ces_applied": false,
  "ces_alpha": null,
  "kge_metrics": {
    "pre_ces": {
      "train": {
        "mrr": 0.3943186402320862,
        "hits_at_1": 0.3635229741691478,
        "hits_at_10": 0.44616560714573106
      },
      "test": {
        "mrr": 0.15902717411518097,
        "hits_at_1": 0.1430640489217895,
        "hits_at_10": 0.18925008046346958
      },
      "gap": 0.2352914661169052
    },
    "post_ces": null,
    "gap_improvement": null,
    "final_train_mrr": 0.3943186402320862,
    "final_test_mrr": 0.15902717411518097,
    "final_train_test_gap": 0.2352914661169052
  },
  "selection_criterion": "downstream_auc",
  "best_classifier_params": {
    "subsample": 1.0,
    "n_estimators": 100,
    "min_child_weight": 1,
    "max_depth": 10,
    "learning_rate": 0.2,
    "gamma": 0.1,
    "colsample_bytree": 0.8
  },
  "cv_results": {
    "fold_accuracies": [
      0.8611111111111112,
      0.8713768115942029,
      0.857487922705314,
      0.8623188405797102,
      0.8659420289855072,
      0.8623188405797102,
      0.8671497584541062,
      0.8689613526570048,
      0.8665458937198067,
      0.8779456193353474
    ],
    "fold_aucs": [
      0.9747579319456349,
      0.9796859029044996,
      0.980144379074582,
      0.9722032015695726,
      0.9758265698219961,
      0.9765326230431661,
      0.97245548533214,
      0.9789507121212166,
      0.9811904680552775,
      0.9743883368944403
    ],
    "fold_logloss": [
      0.45720131855954416,
      0.4393869809211775,
      0.441243716331477,
      0.4738211898385688,
      0.44751115952819137,
      0.4574510749823957,
      0.4427603642005726,
      0.43679802353903324,
      0.4336386384797958,
      0.42048894374955337
    ],
    "fold_mean_per_class_error": [
      0.1813614313769841,
      0.1616912421087219,
      0.1975367908050412,
      0.2138654832991643,
      0.17994947339622977,
      0.19279237566561686,
      0.20436365620685515,
      0.19212939311325283,
      0.15764854716447843,
      0.17995722887979684
    ],
    "mean_accuracy": 0.8661158179721822,
    "std_accuracy": 0.005525624531628499,
    "ci_accuracy": [
      0.8619492076010269,
      0.8702824283433375
    ],
    "mean_auc": 0.9766135610762525,
    "std_auc": 0.003067214791136778,
    "ci_auc": [
      0.9743007204396585,
      0.9789264017128465
    ],
    "mean_logloss": 0.44503014101303096,
    "std_logloss": 0.014101899569037507,
    "mean_mpce": 0.1861295622016141,
    "std_mpce": 0.01679197843109543
  },
  "test_accuracy": 0.8580917874396136,
  "test_auc": 0.9764764785077711,
  "test_logloss": 0.45639184603873933,
  "test_mpce": 0.20239282970968017,
  "test_classification_report": {
    "0": {
      "precision": 0.9655172413793104,
      "recall": 0.6666666666666666,
      "f1-score": 0.7887323943661971,
      "support": 42.0
    },
    "1": {
      "precision": 0.989010989010989,
      "recall": 0.7258064516129032,
      "f1-score": 0.8372093023255814,
      "support": 124.0
    },
    "2": {
      "precision": 0.8585987261146497,
      "recall": 0.8685567010309279,
      "f1-score": 0.8635490070467648,
      "support": 776.0
    },
    "3": {
      "precision": 0.9193083573487032,
      "recall": 0.8575268817204301,
      "f1-score": 0.8873435326842837,
      "support": 372.0
    },
    "4": {
      "precision": 0.8964059196617337,
      "recall": 0.7984934086629002,
      "f1-score": 0.8446215139442231,
      "support": 531.0
    },
    "5": {
      "precision": 0.8085758039816233,
      "recall": 0.9428571428571428,
      "f1-score": 0.8705688375927453,
      "support": 1120.0
    },
    "6": {
      "precision": 0.8932384341637011,
      "recall": 0.723342939481268,
      "f1-score": 0.7993630573248408,
      "support": 347.0
    },
    "accuracy": 0.8580917874396136,
    "macro avg": {
      "precision": 0.9043793530943872,
      "recall": 0.7976071702903198,
      "f1-score": 0.8416268064692336,
      "support": 3312.0
    },
    "weighted avg": {
      "precision": 0.8644307329796445,
      "recall": 0.8580917874396136,
      "f1-score": 0.8569011595949796,
      "support": 3312.0
    }
  },
  "test_confusion_matrix": [
    [
      28,
      0,
      0,
      1,
      2,
      9,
      2
    ],
    [
      0,
      90,
      15,
      0,
      4,
      14,
      1
    ],
    [
      0,
      1,
      674,
      4,
      13,
      71,
      13
    ],
    [
      0,
      0,
      11,
      319,
      6,
      34,
      2
    ],
    [
      1,
      0,
      27,
      9,
      424,
      65,
      5
    ],
    [
      0,
      0,
      34,
      8,
      15,
      1056,
      7
    ],
    [
      0,
      0,
      24,
      6,
      9,
      57,
      251
    ]
  ],
  "wilcoxon_p_value": 0.3125
}