{
  "kge_model_type": "distmult",
  "kge_search_type": "smart",
  "kge_embedding_dim": 20,
  "ces_applied": false,
  "ces_alpha": null,
  "kge_metrics": {
    "pre_ces": {
      "train": {
        "mrr": 0.39419063925743103,
        "hits_at_1": 0.36340226925243424,
        "hits_at_10": 0.44596443228454175
      },
      "test": {
        "mrr": 0.1597667932510376,
        "hits_at_1": 0.14370775667846797,
        "hits_at_10": 0.191181203733505
      },
      "gap": 0.23442384600639343
    },
    "post_ces": null,
    "gap_improvement": null,
    "final_train_mrr": 0.39419063925743103,
    "final_test_mrr": 0.1597667932510376,
    "final_train_test_gap": 0.23442384600639343
  },
  "selection_criterion": "downstream_auc",
  "best_classifier_params": {
    "subsample": 1.0,
    "n_estimators": 100,
    "min_child_weight": 1,
    "max_depth": 10,
    "learning_rate": 0.2,
    "gamma": 0.1,
    "colsample_bytree": 0.8
  },
  "cv_results": {
    "fold_accuracies": [
      0.856280193236715,
      0.8580917874396136,
      0.8707729468599034,
      0.8605072463768116,
      0.856280193236715,
      0.8599033816425121,
      0.873792270531401,
      0.8629227053140096,
      0.8689613526570048,
      0.8773413897280967
    ],
    "fold_aucs": [
      0.9768743548772759,
      0.9800343118714603,
      0.9810994812936341,
      0.9724432310557,
      0.9785830215463649,
      0.9767077609518886,
      0.9717744231469194,
      0.9777039405318032,
      0.9810189418957374,
      0.9790221525179525
    ],
    "fold_logloss": [
      0.4637722734750283,
      0.446394883118155,
      0.43601399266726487,
      0.4729406080657274,
      0.4493051071503886,
      0.4554734021485495,
      0.44393177331923567,
      0.43404473699456175,
      0.43375967647735914,
      0.40652517545653455
    ],
    "fold_mean_per_class_error": [
      0.18788968568348344,
      0.17734059617894923,
      0.1898020560215856,
      0.21332665314053717,
      0.1904526669501851,
      0.20564892853771127,
      0.2019082586077201,
      0.19891892051044976,
      0.15921264015701692,
      0.1762759463220844
    ],
    "mean_accuracy": 0.8644853467022783,
    "std_accuracy": 0.0072543327704243255,
    "ci_accuracy": [
      0.859015199756164,
      0.8699554936483925
    ],
    "mean_auc": 0.9775261619688737,
    "std_auc": 0.0030766670685709713,
    "ci_auc": [
      0.9752061938199119,
      0.9798461301178354
    ],
    "mean_logloss": 0.4442161628872805,
    "std_logloss": 0.01750904864192751,
    "mean_mpce": 0.1900776352109723,
    "std_mpce": 0.015203566690939686
  },
  "test_accuracy": 0.8620169082125604,
  "test_auc": 0.9750256400941112,
  "test_logloss": 0.456514975706628,
  "test_mpce": 0.19476260469743067,
  "test_classification_report": {
    "0": {
      "precision": 0.9354838709677419,
      "recall": 0.6904761904761905,
      "f1-score": 0.7945205479452054,
      "support": 42.0
    },
    "1": {
      "precision": 0.967741935483871,
      "recall": 0.7258064516129032,
      "f1-score": 0.8294930875576036,
      "support": 124.0
    },
    "2": {
      "precision": 0.8803088803088803,
      "recall": 0.8814432989690721,
      "f1-score": 0.8808757244043787,
      "support": 776.0
    },
    "3": {
      "precision": 0.9273255813953488,
      "recall": 0.8575268817204301,
      "f1-score": 0.8910614525139665,
      "support": 372.0
    },
    "4": {
      "precision": 0.8825995807127882,
      "recall": 0.7928436911487758,
      "f1-score": 0.8353174603174603,
      "support": 531.0
    },
    "5": {
      "precision": 0.808608762490392,
      "recall": 0.9392857142857143,
      "f1-score": 0.8690623709211069,
      "support": 1120.0
    },
    "6": {
      "precision": 0.8996539792387543,
      "recall": 0.7492795389048992,
      "f1-score": 0.8176100628930818,
      "support": 347.0
    },
    "accuracy": 0.8620169082125604,
    "macro avg": {
      "precision": 0.900246084371111,
      "recall": 0.8052373953025693,
      "f1-score": 0.8454201009361147,
      "support": 3312.0
    },
    "weighted avg": {
      "precision": 0.8677105229839924,
      "recall": 0.8620169082125604,
      "f1-score": 0.8610735347306598,
      "support": 3312.0
    }
  },
  "test_confusion_matrix": [
    [
      29,
      0,
      0,
      1,
      2,
      8,
      2
    ],
    [
      0,
      90,
      15,
      0,
      5,
      12,
      2
    ],
    [
      0,
      2,
      684,
      3,
      9,
      68,
      10
    ],
    [
      1,
      0,
      10,
      319,
      12,
      27,
      3
    ],
    [
      1,
      0,
      18,
      7,
      421,
      79,
      5
    ],
    [
      0,
      1,
      29,
      8,
      23,
      1052,
      7
    ],
    [
      0,
      0,
      21,
      6,
      5,
      55,
      260
    ]
  ],
  "wilcoxon_p_value": 0.1875
}