{
  "kge_model_type": "convkb",
  "kge_search_type": "smart",
  "kge_embedding_dim": 12,
  "ces_applied": false,
  "ces_alpha": null,
  "kge_metrics": {
    "pre_ces": {
      "train": {
        "mrr": 0.5563254952430725,
        "hits_at_1": 0.43364197530864196,
        "hits_at_10": 0.7965646806226516
      },
      "test": {
        "mrr": 0.03310428559780121,
        "hits_at_1": 0.014484978540772532,
        "hits_at_10": 0.06330472103004292
      },
      "gap": 0.5232212096452713
    },
    "post_ces": null,
    "gap_improvement": null,
    "final_train_mrr": 0.5563254952430725,
    "final_test_mrr": 0.03310428559780121,
    "final_train_test_gap": 0.5232212096452713
  },
  "selection_criterion": "downstream_auc",
  "best_classifier_params": {
    "subsample": 1.0,
    "n_estimators": 100,
    "min_child_weight": 1,
    "max_depth": 10,
    "learning_rate": 0.2,
    "gamma": 0.1,
    "colsample_bytree": 0.8
  },
  "cv_results": {
    "fold_accuracies": [
      0.812625250501002,
      0.8306613226452906,
      0.8086172344689379,
      0.8196392785571143,
      0.843687374749499,
      0.811623246492986,
      0.8236472945891784,
      0.8056112224448898,
      0.8104312938816449,
      0.8284854563691073
    ],
    "fold_aucs": [
      0.9644896151847286,
      0.9748869899972554,
      0.9640672728023916,
      0.9671276944109466,
      0.9763877273932793,
      0.9620466433042234,
      0.9730871872701512,
      0.9724084321628279,
      0.966468251178986,
      0.9750260317539117
    ],
    "fold_logloss": [
      0.626546349764581,
      0.5682516614228281,
      0.6201262411159886,
      0.6044218619451426,
      0.5312589810740873,
      0.6377306080114264,
      0.5673776538239665,
      0.5941607036778972,
      0.6215967531994964,
      0.5557753646739649
    ],
    "fold_mean_per_class_error": [
      0.23672787111184568,
      0.19537317809070862,
      0.22226179012102903,
      0.22406289369226634,
      0.17391981563231432,
      0.23902979003130642,
      0.2052744422819821,
      0.23200846353848048,
      0.2205605683483477,
      0.21457696359116585
    ],
    "mean_accuracy": 0.819502897469965,
    "std_accuracy": 0.011447452110943352,
    "ci_accuracy": [
      0.810870918873565,
      0.8281348760663649
    ],
    "mean_auc": 0.9695995845458703,
    "std_auc": 0.005032052639985321,
    "ci_auc": [
      0.9658051532380697,
      0.9733940158536708
    ],
    "mean_logloss": 0.5927246178709378,
    "std_logloss": 0.0335819173297891,
    "mean_mpce": 0.21637957764394464,
    "std_mpce": 0.019113177014961114
  },
  "test_accuracy": 0.811623246492986,
  "test_auc": 0.9657755650176925,
  "test_logloss": 0.6307136252731919,
  "test_mpce": 0.23284192428860095,
  "test_classification_report": {
    "0": {
      "precision": 0.8294930875576036,
      "recall": 0.8294930875576036,
      "f1-score": 0.8294930875576036,
      "support": 217.0
    },
    "1": {
      "precision": 0.9333333333333333,
      "recall": 0.5454545454545454,
      "f1-score": 0.6885245901639344,
      "support": 77.0
    },
    "2": {
      "precision": 0.7634194831013916,
      "recall": 0.8827586206896552,
      "f1-score": 0.8187633262260128,
      "support": 435.0
    },
    "3": {
      "precision": 0.9620253164556962,
      "recall": 0.7450980392156863,
      "f1-score": 0.8397790055248618,
      "support": 102.0
    },
    "4": {
      "precision": 0.8506024096385543,
      "recall": 0.8567961165048543,
      "f1-score": 0.8536880290205562,
      "support": 412.0
    },
    "5": {
      "precision": 0.7896440129449838,
      "recall": 0.8106312292358804,
      "f1-score": 0.8,
      "support": 301.0
    },
    "6": {
      "precision": 0.7569230769230769,
      "recall": 0.7884615384615384,
      "f1-score": 0.7723704866562009,
      "support": 312.0
    },
    "7": {
      "precision": 0.9223300970873787,
      "recall": 0.6785714285714286,
      "f1-score": 0.7818930041152263,
      "support": 140.0
    },
    "accuracy": 0.811623246492986,
    "macro avg": {
      "precision": 0.8509713521302522,
      "recall": 0.767158075711399,
      "f1-score": 0.7980639411580495,
      "support": 1996.0
    },
    "weighted avg": {
      "precision": 0.819387764706418,
      "recall": 0.811623246492986,
      "f1-score": 0.8105210317053156,
      "support": 1996.0
    }
  },
  "test_confusion_matrix": [
    [
      180,
      3,
      11,
      0,
      4,
      6,
      12,
      1
    ],
    [
      5,
      42,
      9,
      0,
      7,
      5,
      8,
      1
    ],
    [
      5,
      0,
      384,
      1,
      12,
      18,
      13,
      2
    ],
    [
      2,
      0,
      9,
      76,
      5,
      1,
      7,
      2
    ],
    [
      4,
      0,
      21,
      1,
      353,
      17,
      16,
      0
    ],
    [
      5,
      0,
      27,
      0,
      9,
      244,
      14,
      2
    ],
    [
      9,
      0,
      27,
      0,
      16,
      14,
      246,
      0
    ],
    [
      7,
      0,
      15,
      1,
      9,
      4,
      9,
      95
    ]
  ],
  "wilcoxon_p_value": 0.0625
}