{
  "kge_model_type": "distmult",
  "kge_search_type": "smart",
  "kge_embedding_dim": 24,
  "kge_metrics": {
    "train_mrr": 0.10039204359054565,
    "test_mrr": 0.002419804921373725,
    "train_test_gap": 0.09797223866917193
  },
  "selection_criterion": "downstream_auc",
  "best_classifier_params": {
    "subsample": 1.0,
    "n_estimators": 100,
    "min_child_weight": 1,
    "max_depth": 10,
    "learning_rate": 0.2,
    "gamma": 0.1,
    "colsample_bytree": 0.8
  },
  "cv_results": {
    "fold_accuracies": [
      0.8429951690821256,
      0.8544685990338164,
      0.8484299516908212,
      0.8375603864734299,
      0.8520531400966184,
      0.8472222222222222,
      0.8514492753623188,
      0.8490338164251208,
      0.8490338164251208,
      0.8646525679758308
    ],
    "fold_aucs": [
      0.9719565632577506,
      0.9732556811036147,
      0.9766709707967378,
      0.9651341455363952,
      0.970367503005362,
      0.9731820456987668,
      0.9710544907356672,
      0.9706811384799189,
      0.978089555953675,
      0.9735842198689533
    ],
    "fold_logloss": [
      0.49303279783916626,
      0.47833593639673505,
      0.4742283494307574,
      0.5251421330864439,
      0.48665237052992166,
      0.4809998551395374,
      0.4897731186872339,
      0.4848756714692265,
      0.4705032357982998,
      0.4572954858022616
    ],
    "fold_mean_per_class_error": [
      0.21418645083569787,
      0.1733540515110778,
      0.21383483473353998,
      0.24501851108741762,
      0.20829533404465952,
      0.21535846653890456,
      0.22702160990923956,
      0.2270509473641476,
      0.194462394458315,
      0.20258600493715853
    ],
    "mean_accuracy": 0.8496898944787425,
    "std_accuracy": 0.006751888757639814,
    "ci_accuracy": [
      0.8445986166401129,
      0.8547811723173722
    ],
    "mean_auc": 0.9723976314436843,
    "std_auc": 0.003394753983568734,
    "ci_auc": [
      0.9698378090969985,
      0.9749574537903701
    ],
    "mean_logloss": 0.4840838954179584,
    "std_logloss": 0.016873613423353466,
    "mean_mpce": 0.21211686054201578,
    "std_mpce": 0.018614823583016103
  },
  "test_accuracy": 0.8460144927536232,
  "test_auc": 0.9690781996417753,
  "test_logloss": 0.5032238317123835,
  "test_mpce": 0.23190378213721324,
  "test_classification_report": {
    "0": {
      "precision": 0.9629629629629629,
      "recall": 0.6190476190476191,
      "f1-score": 0.7536231884057971,
      "support": 42.0
    },
    "1": {
      "precision": 0.9518072289156626,
      "recall": 0.6370967741935484,
      "f1-score": 0.7632850241545893,
      "support": 124.0
    },
    "2": {
      "precision": 0.8825857519788918,
      "recall": 0.8621134020618557,
      "f1-score": 0.8722294654498044,
      "support": 776.0
    },
    "3": {
      "precision": 0.95625,
      "recall": 0.8225806451612904,
      "f1-score": 0.884393063583815,
      "support": 372.0
    },
    "4": {
      "precision": 0.9008810572687225,
      "recall": 0.7702448210922788,
      "f1-score": 0.8304568527918782,
      "support": 531.0
    },
    "5": {
      "precision": 0.7623478883321403,
      "recall": 0.9508928571428571,
      "f1-score": 0.8462455303933254,
      "support": 1120.0
    },
    "6": {
      "precision": 0.9084249084249084,
      "recall": 0.7146974063400576,
      "f1-score": 0.8,
      "support": 347.0
    },
    "accuracy": 0.8460144927536232,
    "macro avg": {
      "precision": 0.9036085425547554,
      "recall": 0.7680962178627867,
      "f1-score": 0.8214618749684585,
      "support": 3312.0
    },
    "weighted avg": {
      "precision": 0.8594507862109718,
      "recall": 0.8460144927536232,
      "f1-score": 0.8449611668549067,
      "support": 3312.0
    }
  },
  "test_confusion_matrix": [
    [
      26,
      0,
      1,
      0,
      0,
      15,
      0
    ],
    [
      0,
      79,
      18,
      0,
      2,
      23,
      2
    ],
    [
      0,
      3,
      669,
      3,
      9,
      82,
      10
    ],
    [
      0,
      0,
      6,
      306,
      4,
      56,
      0
    ],
    [
      1,
      0,
      21,
      4,
      409,
      89,
      7
    ],
    [
      0,
      0,
      23,
      4,
      22,
      1065,
      6
    ],
    [
      0,
      1,
      20,
      3,
      8,
      67,
      248
    ]
  ],
  "wilcoxon_p_value": 0.1875
}