{
  "kge_model_type": "transe",
  "kge_search_type": "smart",
  "kge_embedding_dim": 32,
  "ces_applied": false,
  "ces_alpha": null,
  "kge_metrics": {
    "pre_ces": {
      "train": {
        "mrr": 0.7788296937942505,
        "hits_at_1": 0.6592860976918948,
        "hits_at_10": 0.9400831991411701
      },
      "test": {
        "mrr": 0.4286726415157318,
        "hits_at_1": 0.3792918454935622,
        "hits_at_10": 0.5244098712446352
      },
      "gap": 0.3501570522785187
    },
    "post_ces": null,
    "gap_improvement": null,
    "final_train_mrr": 0.7788296937942505,
    "final_test_mrr": 0.4286726415157318,
    "final_train_test_gap": 0.3501570522785187
  },
  "selection_criterion": "downstream_auc",
  "best_classifier_params": {
    "subsample": 1.0,
    "n_estimators": 100,
    "min_child_weight": 1,
    "max_depth": 10,
    "learning_rate": 0.2,
    "gamma": 0.1,
    "colsample_bytree": 0.8
  },
  "cv_results": {
    "fold_accuracies": [
      0.8847695390781564,
      0.875751503006012,
      0.8767535070140281,
      0.8987975951903807,
      0.8797595190380761,
      0.8717434869739479,
      0.8807615230460922,
      0.8797595190380761,
      0.880641925777332,
      0.8876629889669007
    ],
    "fold_aucs": [
      0.9849105692407386,
      0.984881066853528,
      0.983923284045647,
      0.9865555487144058,
      0.9870828551387074,
      0.982869283308217,
      0.9881048798961813,
      0.9854501003597189,
      0.9870773838312015,
      0.98642805005772
    ],
    "fold_logloss": [
      0.39510418210507503,
      0.39227422937003514,
      0.41803063372092364,
      0.36891294953178866,
      0.3847006644930746,
      0.41977544694776886,
      0.36960106614131455,
      0.40031211690335916,
      0.3875385862892085,
      0.36546704333304136
    ],
    "fold_mean_per_class_error": [
      0.14583527920480616,
      0.14559352687930158,
      0.1471197389151188,
      0.13064564323202657,
      0.13539259860652947,
      0.1591515582062492,
      0.12694853398443207,
      0.13299600877137172,
      0.14208317864098258,
      0.14546295362422307
    ],
    "mean_accuracy": 0.8816401107129002,
    "std_accuracy": 0.007111870044969268,
    "ci_accuracy": [
      0.876277388125062,
      0.8870028333007384
    ],
    "mean_auc": 0.9857283021446065,
    "std_auc": 0.0015288201682146492,
    "ci_auc": [
      0.9845754916465256,
      0.9868811126426874
    ],
    "mean_logloss": 0.39017169188355894,
    "std_logloss": 0.018183374585149046,
    "mean_mpce": 0.14112290200650413,
    "std_mpce": 0.009124221024899497
  },
  "test_accuracy": 0.8657314629258517,
  "test_auc": 0.9824609614135942,
  "test_logloss": 0.42967897673427236,
  "test_mpce": 0.16748221996826368,
  "test_classification_report": {
    "0": {
      "precision": 0.8926829268292683,
      "recall": 0.8433179723502304,
      "f1-score": 0.8672985781990521,
      "support": 217.0
    },
    "1": {
      "precision": 0.896551724137931,
      "recall": 0.6753246753246753,
      "f1-score": 0.7703703703703704,
      "support": 77.0
    },
    "2": {
      "precision": 0.836864406779661,
      "recall": 0.9080459770114943,
      "f1-score": 0.8710033076074972,
      "support": 435.0
    },
    "3": {
      "precision": 0.9647058823529412,
      "recall": 0.803921568627451,
      "f1-score": 0.8770053475935828,
      "support": 102.0
    },
    "4": {
      "precision": 0.8883610451306413,
      "recall": 0.9077669902912622,
      "f1-score": 0.8979591836734694,
      "support": 412.0
    },
    "5": {
      "precision": 0.8516129032258064,
      "recall": 0.8770764119601329,
      "f1-score": 0.8641571194762684,
      "support": 301.0
    },
    "6": {
      "precision": 0.8145896656534954,
      "recall": 0.8589743589743589,
      "f1-score": 0.8361934477379095,
      "support": 312.0
    },
    "7": {
      "precision": 0.9482758620689655,
      "recall": 0.7857142857142857,
      "f1-score": 0.859375,
      "support": 140.0
    },
    "accuracy": 0.8657314629258517,
    "macro avg": {
      "precision": 0.8867055520223388,
      "recall": 0.8325177800317363,
      "f1-score": 0.8554202943322687,
      "support": 1996.0
    },
    "weighted avg": {
      "precision": 0.8689546721783878,
      "recall": 0.8657314629258517,
      "f1-score": 0.8652999131170208,
      "support": 1996.0
    }
  },
  "test_confusion_matrix": [
    [
      183,
      3,
      9,
      1,
      7,
      4,
      9,
      1
    ],
    [
      3,
      52,
      2,
      0,
      7,
      3,
      10,
      0
    ],
    [
      3,
      0,
      395,
      1,
      11,
      12,
      9,
      4
    ],
    [
      2,
      0,
      7,
      82,
      2,
      1,
      8,
      0
    ],
    [
      6,
      1,
      16,
      0,
      374,
      7,
      8,
      0
    ],
    [
      0,
      2,
      20,
      0,
      7,
      264,
      8,
      0
    ],
    [
      5,
      0,
      18,
      0,
      6,
      14,
      268,
      1
    ],
    [
      3,
      0,
      5,
      1,
      7,
      5,
      9,
      110
    ]
  ],
  "wilcoxon_p_value": 0.8125
}