{
  "kge_model_type": "distmult",
  "kge_search_type": "smart",
  "kge_embedding_dim": 20,
  "ces_applied": false,
  "ces_alpha": null,
  "kge_metrics": {
    "pre_ces": {
      "train": {
        "mrr": 0.18528926372528076,
        "hits_at_1": 0.16112005725532297,
        "hits_at_10": 0.22843979244945428
      },
      "test": {
        "mrr": 0.07468181848526001,
        "hits_at_1": 0.06779964221824687,
        "hits_at_10": 0.08568872987477638
      },
      "gap": 0.11060744524002075
    },
    "post_ces": null,
    "gap_improvement": null,
    "final_train_mrr": 0.18528926372528076,
    "final_test_mrr": 0.07468181848526001,
    "final_train_test_gap": 0.11060744524002075
  },
  "selection_criterion": "downstream_auc",
  "best_classifier_params": {
    "subsample": 1.0,
    "n_estimators": 100,
    "min_child_weight": 1,
    "max_depth": 10,
    "learning_rate": 0.2,
    "gamma": 0.1,
    "colsample_bytree": 0.8
  },
  "cv_results": {
    "fold_accuracies": [
      0.8429919137466307,
      0.8718813216453135,
      0.8530006743088334,
      0.8408631153068106,
      0.8577208361429535,
      0.856372218476062,
      0.8476062036412677,
      0.8583951449763992,
      0.8671611598111936,
      0.842211732973702
    ],
    "fold_aucs": [
      0.9334772000534467,
      0.9453175982343841,
      0.9371448420990885,
      0.9400438471070441,
      0.9446787722810027,
      0.939470095246475,
      0.9376507702572902,
      0.9406230981867242,
      0.9447997551014422,
      0.939537002412324
    ],
    "fold_logloss": [
      0.3262361963858808,
      0.2970345950408332,
      0.3168183627624643,
      0.303443286810907,
      0.296644845371988,
      0.31392027645972376,
      0.31395923128948294,
      0.3073130722931354,
      0.2992861038448697,
      0.30921907456018244
    ],
    "fold_mean_per_class_error": [
      0.15780586778538602,
      0.12840584970267555,
      0.14935604144211517,
      0.1607485903668346,
      0.1434581289456897,
      0.14517755145436018,
      0.15239161039132443,
      0.14235828512351245,
      0.13274290050812781,
      0.1575883724511119
    ],
    "mean_accuracy": 0.8538204321029166,
    "std_accuracy": 0.010030069352341449,
    "ci_accuracy": [
      0.846257234359809,
      0.8613836298460241
    ],
    "mean_auc": 0.9402742980979222,
    "std_auc": 0.0035993899692504895,
    "ci_auc": [
      0.9375601694976404,
      0.9429884266982039
    ],
    "mean_logloss": 0.30838750448194674,
    "std_logloss": 0.009095142497031184,
    "mean_mpce": 0.14700331981711376,
    "std_mpce": 0.010192857440250872
  },
  "test_accuracy": 0.8415908324907314,
  "test_auc": 0.9312716428955436,
  "test_logloss": 0.33129377969739277,
  "test_mpce": 0.15970430572842398,
  "test_classification_report": {
    "0": {
      "precision": 0.8267949666913398,
      "recall": 0.8255728011825573,
      "f1-score": 0.8261834319526628,
      "support": 1353.0
    },
    "1": {
      "precision": 0.8539603960396039,
      "recall": 0.8550185873605948,
      "f1-score": 0.8544891640866873,
      "support": 1614.0
    },
    "accuracy": 0.8415908324907314,
    "macro avg": {
      "precision": 0.8403776813654719,
      "recall": 0.840295694271576,
      "f1-score": 0.840336298019675,
      "support": 2967.0
    },
    "weighted avg": {
      "precision": 0.841572520775633,
      "recall": 0.8415908324907314,
      "f1-score": 0.8415812923046397,
      "support": 2967.0
    }
  },
  "test_confusion_matrix": [
    [
      1117,
      236
    ],
    [
      234,
      1380
    ]
  ],
  "wilcoxon_p_value": 1.0
}