{
  "timestamp": "2025-08-01T22:49:08.392204",
  "model_info": {
    "kge_model": "transe",
    "classifier": "XGBoost",
    "is_binary_classification": false
  },
  "best_parameters": {
    "subsample": 0.8,
    "reg_lambda": 1,
    "reg_alpha": 0,
    "n_estimators": 150,
    "max_depth": 10,
    "learning_rate": 0.1,
    "colsample_bytree": 0.8
  },
  "test_metrics": {
    "accuracy": 0.900527924423451,
    "logloss": 0.3583240672848242,
    "mean_per_class_error": 0.11523422583812026,
    "n_classes": 13
  },
  "auc_metrics": {
    "roc_auc_macro": 0.9919435498116964,
    "per_class_auc": [
      0.9848656829360576,
      0.994481717249091,
      0.9947296973568633,
      0.993678756476684,
      0.9873151406973035,
      0.9939892080863353,
      0.9896586607087445,
      0.9862877507860667,
      0.9930869199565843,
      1.0,
      0.986431161748119,
      0.999290370058873,
      0.9914510814913324
    ]
  },
  "confusion_matrix": [
    [
      66,
      0,
      0,
      0,
      0,
      3,
      2,
      2,
      2,
      0,
      0,
      0,
      0
    ],
    [
      0,
      119,
      0,
      0,
      0,
      1,
      10,
      0,
      0,
      0,
      0,
      0,
      1
    ],
    [
      0,
      0,
      17,
      1,
      0,
      0,
      0,
      2,
      0,
      0,
      1,
      0,
      0
    ],
    [
      0,
      0,
      0,
      112,
      0,
      2,
      6,
      2,
      1,
      0,
      1,
      1,
      0
    ],
    [
      0,
      0,
      0,
      0,
      171,
      3,
      2,
      16,
      2,
      0,
      12,
      0,
      5
    ],
    [
      0,
      0,
      0,
      0,
      2,
      642,
      5,
      12,
      1,
      0,
      11,
      0,
      2
    ],
    [
      1,
      5,
      0,
      3,
      1,
      8,
      469,
      16,
      8,
      0,
      10,
      1,
      2
    ],
    [
      0,
      0,
      0,
      0,
      3,
      12,
      23,
      530,
      8,
      0,
      14,
      1,
      4
    ],
    [
      0,
      0,
      0,
      2,
      1,
      8,
      13,
      6,
      510,
      0,
      7,
      0,
      0
    ],
    [
      0,
      0,
      0,
      0,
      0,
      0,
      0,
      0,
      0,
      2,
      0,
      0,
      0
    ],
    [
      0,
      1,
      0,
      1,
      2,
      20,
      11,
      15,
      4,
      0,
      389,
      0,
      1
    ],
    [
      0,
      0,
      0,
      0,
      1,
      0,
      1,
      3,
      2,
      0,
      0,
      25,
      0
    ],
    [
      0,
      0,
      0,
      0,
      1,
      7,
      1,
      10,
      3,
      0,
      6,
      0,
      189
    ]
  ],
  "classification_report": {
    "0": {
      "precision": 0.9850746268656716,
      "recall": 0.88,
      "f1-score": 0.9295774647887324,
      "support": 75.0
    },
    "1": {
      "precision": 0.952,
      "recall": 0.9083969465648855,
      "f1-score": 0.9296875,
      "support": 131.0
    },
    "2": {
      "precision": 1.0,
      "recall": 0.8095238095238095,
      "f1-score": 0.8947368421052632,
      "support": 21.0
    },
    "3": {
      "precision": 0.9411764705882353,
      "recall": 0.896,
      "f1-score": 0.9180327868852459,
      "support": 125.0
    },
    "4": {
      "precision": 0.9395604395604396,
      "recall": 0.8104265402843602,
      "f1-score": 0.8702290076335878,
      "support": 211.0
    },
    "5": {
      "precision": 0.9093484419263456,
      "recall": 0.9511111111111111,
      "f1-score": 0.9297610427226647,
      "support": 675.0
    },
    "6": {
      "precision": 0.8637200736648251,
      "recall": 0.8950381679389313,
      "f1-score": 0.8791002811621368,
      "support": 524.0
    },
    "7": {
      "precision": 0.8631921824104235,
      "recall": 0.8907563025210085,
      "f1-score": 0.8767576509511993,
      "support": 595.0
    },
    "8": {
      "precision": 0.9426987060998152,
      "recall": 0.9323583180987203,
      "f1-score": 0.9375,
      "support": 547.0
    },
    "9": {
      "precision": 1.0,
      "recall": 1.0,
      "f1-score": 1.0,
      "support": 2.0
    },
    "10": {
      "precision": 0.8625277161862528,
      "recall": 0.8761261261261262,
      "f1-score": 0.8692737430167597,
      "support": 444.0
    },
    "11": {
      "precision": 0.8928571428571429,
      "recall": 0.78125,
      "f1-score": 0.8333333333333334,
      "support": 32.0
    },
    "12": {
      "precision": 0.9264705882352942,
      "recall": 0.8709677419354839,
      "f1-score": 0.8978622327790974,
      "support": 217.0
    },
    "accuracy": 0.900527924423451,
    "macro avg": {
      "precision": 0.9291251067995727,
      "recall": 0.8847657741618797,
      "f1-score": 0.9050655296444632,
      "support": 3599.0
    },
    "weighted avg": {
      "precision": 0.9018393493921489,
      "recall": 0.900527924423451,
      "f1-score": 0.9004862827387058,
      "support": 3599.0
    }
  },
  "top_cv_results": [
    {
      "rank": 1,
      "mean_score": -0.5320956226257725,
      "std_score": 0.005805908568831237,
      "params": {
        "subsample": 0.8,
        "reg_lambda": 1,
        "reg_alpha": 0,
        "n_estimators": 150,
        "max_depth": 10,
        "learning_rate": 0.1,
        "colsample_bytree": 0.8
      }
    },
    {
      "rank": 2,
      "mean_score": -0.5334527104043391,
      "std_score": 0.0044406280487016,
      "params": {
        "subsample": 0.8,
        "reg_lambda": 0.5,
        "reg_alpha": 1,
        "n_estimators": 450,
        "max_depth": 10,
        "learning_rate": 0.1,
        "colsample_bytree": 0.8
      }
    },
    {
      "rank": 3,
      "mean_score": -0.5479314330510682,
      "std_score": 0.003925962225652889,
      "params": {
        "subsample": 0.6,
        "reg_lambda": 0,
        "reg_alpha": 1,
        "n_estimators": 250,
        "max_depth": 6,
        "learning_rate": 0.1,
        "colsample_bytree": 0.8
      }
    },
    {
      "rank": 4,
      "mean_score": -0.5741508932069638,
      "std_score": 0.0018409639024898185,
      "params": {
        "subsample": 0.8,
        "reg_lambda": 0.5,
        "reg_alpha": 0.5,
        "n_estimators": 150,
        "max_depth": 10,
        "learning_rate": 0.3,
        "colsample_bytree": 0.8
      }
    },
    {
      "rank": 5,
      "mean_score": -0.6049701081603968,
      "std_score": 0.0021112076231591197,
      "params": {
        "subsample": 0.4,
        "reg_lambda": 0.5,
        "reg_alpha": 1,
        "n_estimators": 150,
        "max_depth": 6,
        "learning_rate": 0.3,
        "colsample_bytree": 0.8
      }
    }
  ]
}