{
  "kge_model_type": "transe",
  "kge_search_type": "smart",
  "kge_embedding_dim": 32,
  "ces_applied": false,
  "ces_alpha": null,
  "kge_metrics": {
    "pre_ces": {
      "train": {
        "mrr": 0.6615946292877197,
        "hits_at_1": 0.5413311862587225,
        "hits_at_10": 0.8310073358382537
      },
      "test": {
        "mrr": 0.17285291850566864,
        "hits_at_1": 0.13542039355992844,
        "hits_at_10": 0.2366726296958855
      },
      "gap": 0.4887417107820511
    },
    "post_ces": null,
    "gap_improvement": null,
    "final_train_mrr": 0.6615946292877197,
    "final_test_mrr": 0.17285291850566864,
    "final_train_test_gap": 0.4887417107820511
  },
  "selection_criterion": "downstream_auc",
  "best_classifier_params": {
    "subsample": 1.0,
    "n_estimators": 100,
    "min_child_weight": 1,
    "max_depth": 10,
    "learning_rate": 0.2,
    "gamma": 0.1,
    "colsample_bytree": 0.8
  },
  "cv_results": {
    "fold_accuracies": [
      0.8928571428571429,
      0.9008766014834795,
      0.9022252191503709,
      0.9076196898179366,
      0.9002022926500337,
      0.9049224544841538,
      0.9008766014834795,
      0.9035738368172623,
      0.9028995279838166,
      0.894807821982468
    ],
    "fold_aucs": [
      0.9580699895120064,
      0.9688340922255707,
      0.9656271309474054,
      0.9707404881840112,
      0.9677901571310208,
      0.9665335855641831,
      0.9641643386639097,
      0.9689202466583078,
      0.9654933166157073,
      0.964631772288335
    ],
    "fold_logloss": [
      0.26667681573254337,
      0.22577788750164873,
      0.2391660863145682,
      0.21993004519178103,
      0.22964885077952413,
      0.23461298531242283,
      0.24129831229223808,
      0.2248357504713033,
      0.2388734421359284,
      0.24266265776555548
    ],
    "fold_mean_per_class_error": [
      0.10636527870058704,
      0.0998429056407324,
      0.09896394711950907,
      0.09316685364011645,
      0.09998221919154149,
      0.09660569865745727,
      0.09936264050504828,
      0.09688432575907557,
      0.09762397072948975,
      0.10553918010309205
    ],
    "mean_accuracy": 0.9010861188710144,
    "std_accuracy": 0.004197401157977054,
    "ci_accuracy": [
      0.8979210585060511,
      0.9042511792359778
    ],
    "mean_auc": 0.9660805117790456,
    "std_auc": 0.0033313544916042824,
    "ci_auc": [
      0.9635684959706494,
      0.9685925275874419
    ],
    "mean_logloss": 0.23634828334975136,
    "std_logloss": 0.012490933950864374,
    "mean_mpce": 0.09943370200466492,
    "std_mpce": 0.003782368230311971
  },
  "test_accuracy": 0.8887765419615774,
  "test_auc": 0.9594338525338616,
  "test_logloss": 0.26279164054318704,
  "test_mpce": 0.11185181216462386,
  "test_classification_report": {
    "0": {
      "precision": 0.8758265980896399,
      "recall": 0.8810051736881005,
      "f1-score": 0.8784082535003684,
      "support": 1353.0
    },
    "1": {
      "precision": 0.8997509339975094,
      "recall": 0.8952912019826518,
      "f1-score": 0.8975155279503105,
      "support": 1614.0
    },
    "accuracy": 0.8887765419615774,
    "macro avg": {
      "precision": 0.8877887660435746,
      "recall": 0.8881481878353761,
      "f1-score": 0.8879618907253395,
      "support": 2967.0
    },
    "weighted avg": {
      "precision": 0.8888410497766306,
      "recall": 0.8887765419615774,
      "f1-score": 0.8888023016844623,
      "support": 2967.0
    }
  },
  "test_confusion_matrix": [
    [
      1192,
      161
    ],
    [
      169,
      1445
    ]
  ],
  "wilcoxon_p_value": 1.0
}