{
  "kge_model_type": "convkb",
  "kge_search_type": "smart",
  "kge_embedding_dim": 12,
  "ces_applied": false,
  "ces_alpha": null,
  "kge_metrics": {
    "pre_ces": {
      "train": {
        "mrr": 0.506864070892334,
        "hits_at_1": 0.38022048764786354,
        "hits_at_10": 0.745714975456667
      },
      "test": {
        "mrr": 0.02234173752367497,
        "hits_at_1": 0.009816543289346637,
        "hits_at_10": 0.04103636948825233
      },
      "gap": 0.484522333368659
    },
    "post_ces": null,
    "gap_improvement": null,
    "final_train_mrr": 0.506864070892334,
    "final_test_mrr": 0.02234173752367497,
    "final_train_test_gap": 0.484522333368659
  },
  "selection_criterion": "downstream_auc",
  "best_classifier_params": {
    "subsample": 1.0,
    "n_estimators": 100,
    "min_child_weight": 1,
    "max_depth": 10,
    "learning_rate": 0.2,
    "gamma": 0.1,
    "colsample_bytree": 0.8
  },
  "cv_results": {
    "fold_accuracies": [
      0.8333333333333334,
      0.8466183574879227,
      0.8508454106280193,
      0.839975845410628,
      0.8490338164251208,
      0.8520531400966184,
      0.8490338164251208,
      0.856280193236715,
      0.8490338164251208,
      0.8531722054380665
    ],
    "fold_aucs": [
      0.9688960200442632,
      0.9763879732254309,
      0.974804165730907,
      0.9686457862016459,
      0.970657845595191,
      0.972058080918055,
      0.965284211230676,
      0.9745993561277715,
      0.9772336632938791,
      0.9738661279372066
    ],
    "fold_logloss": [
      0.5343799141795674,
      0.4735115934129138,
      0.4844075138277628,
      0.5165919035648325,
      0.49223862798424617,
      0.4898208342727332,
      0.5145911926760063,
      0.4802619634991357,
      0.4814893841262888,
      0.47583682301495694
    ],
    "fold_mean_per_class_error": [
      0.23336711367530602,
      0.17420387513767308,
      0.20779780811090415,
      0.2332460401304238,
      0.21074865927779918,
      0.20934660834944085,
      0.24749006528675768,
      0.2078801463533542,
      0.17722946939697404,
      0.21773324743715636
    ],
    "mean_accuracy": 0.8479379934906666,
    "std_accuracy": 0.0063593443102472995,
    "ci_accuracy": [
      0.8431427147298395,
      0.8527332722514936
    ],
    "mean_auc": 0.9722433230305025,
    "std_auc": 0.0036324636699727516,
    "ci_auc": [
      0.9695042551272238,
      0.9749823909337813
    ],
    "mean_logloss": 0.4943129750558444,
    "std_logloss": 0.019420241670538817,
    "mean_mpce": 0.2119043033155789,
    "std_mpce": 0.022093089087627266
  },
  "test_accuracy": 0.8417874396135265,
  "test_auc": 0.9715980790429288,
  "test_logloss": 0.5116010945560443,
  "test_mpce": 0.22588391640728103,
  "test_classification_report": {
    "0": {
      "precision": 0.896551724137931,
      "recall": 0.6190476190476191,
      "f1-score": 0.7323943661971831,
      "support": 42.0
    },
    "1": {
      "precision": 0.9278350515463918,
      "recall": 0.7258064516129032,
      "f1-score": 0.8144796380090498,
      "support": 124.0
    },
    "2": {
      "precision": 0.8738621586475943,
      "recall": 0.865979381443299,
      "f1-score": 0.8699029126213592,
      "support": 776.0
    },
    "3": {
      "precision": 0.9296636085626911,
      "recall": 0.8172043010752689,
      "f1-score": 0.8698140200286123,
      "support": 372.0
    },
    "4": {
      "precision": 0.8793859649122807,
      "recall": 0.7551789077212806,
      "f1-score": 0.8125633232016211,
      "support": 531.0
    },
    "5": {
      "precision": 0.775570272259014,
      "recall": 0.9410714285714286,
      "f1-score": 0.8503428801936265,
      "support": 1120.0
    },
    "6": {
      "precision": 0.8763636363636363,
      "recall": 0.6945244956772334,
      "f1-score": 0.77491961414791,
      "support": 347.0
    },
    "accuracy": 0.8417874396135265,
    "macro avg": {
      "precision": 0.8798903452042197,
      "recall": 0.7741160835927189,
      "f1-score": 0.8177738220570517,
      "support": 3312.0
    },
    "weighted avg": {
      "precision": 0.8503470562856577,
      "recall": 0.8417874396135265,
      "f1-score": 0.8403151481535234,
      "support": 3312.0
    }
  },
  "test_confusion_matrix": [
    [
      26,
      0,
      0,
      2,
      1,
      12,
      1
    ],
    [
      0,
      90,
      10,
      1,
      3,
      18,
      2
    ],
    [
      0,
      4,
      672,
      4,
      13,
      71,
      12
    ],
    [
      1,
      0,
      10,
      304,
      10,
      44,
      3
    ],
    [
      1,
      0,
      25,
      4,
      401,
      97,
      3
    ],
    [
      1,
      1,
      24,
      9,
      18,
      1054,
      13
    ],
    [
      0,
      2,
      28,
      3,
      10,
      63,
      241
    ]
  ],
  "wilcoxon_p_value": 0.0625
}