{
  "kge_model_type": "convkb",
  "kge_search_type": "smart",
  "kge_embedding_dim": 8,
  "ces_applied": false,
  "ces_alpha": null,
  "kge_metrics": {
    "pre_ces": {
      "train": {
        "mrr": 0.12330298125743866,
        "hits_at_1": 0.10502773304705672,
        "hits_at_10": 0.15745213812846662
      },
      "test": {
        "mrr": 0.08804444223642349,
        "hits_at_1": 0.07245080500894455,
        "hits_at_10": 0.11305903398926655
      },
      "gap": 0.03525853902101517
    },
    "post_ces": null,
    "gap_improvement": null,
    "final_train_mrr": 0.12330298125743866,
    "final_test_mrr": 0.08804444223642349,
    "final_train_test_gap": 0.03525853902101517
  },
  "selection_criterion": "downstream_auc",
  "best_classifier_params": {
    "subsample": 1.0,
    "n_estimators": 100,
    "min_child_weight": 1,
    "max_depth": 10,
    "learning_rate": 0.2,
    "gamma": 0.1,
    "colsample_bytree": 0.8
  },
  "cv_results": {
    "fold_accuracies": [
      0.8315363881401617,
      0.8489548213081591,
      0.8536749831422792,
      0.839514497639919,
      0.8469318948078219,
      0.8449089683074849,
      0.8327714093054619,
      0.839514497639919,
      0.8496291301416049,
      0.8314227916385705
    ],
    "fold_aucs": [
      0.9206225438784346,
      0.9387038707170248,
      0.9373263163297478,
      0.9290417427391977,
      0.933744491615524,
      0.9299986068644919,
      0.9245168019474568,
      0.9314577330019137,
      0.9356398891357427,
      0.9238678940923724
    ],
    "fold_logloss": [
      0.3536160118129652,
      0.3128822394174103,
      0.31669707289108573,
      0.33386340972557554,
      0.3216985717449766,
      0.33417300546535544,
      0.3420620612857354,
      0.3270204703019204,
      0.322427586124551,
      0.34629067202430613
    ],
    "fold_mean_per_class_error": [
      0.16952844296306874,
      0.1522330495736272,
      0.148616396471701,
      0.16090715118453175,
      0.15397171934918574,
      0.15462979256945514,
      0.16794340203691072,
      0.16078708490061078,
      0.15173353717105503,
      0.16858222799029204
    ],
    "mean_accuracy": 0.8418859382071382,
    "std_accuracy": 0.007709869127602817,
    "ci_accuracy": [
      0.8360722929832467,
      0.8476995834310297
    ],
    "mean_auc": 0.9304919890321907,
    "std_auc": 0.005757511812820588,
    "ci_auc": [
      0.9261505235029943,
      0.934833454561387
    ],
    "mean_logloss": 0.33107311007938817,
    "std_logloss": 0.012627501516670874,
    "mean_mpce": 0.1588932804210438,
    "std_mpce": 0.007349580216007881
  },
  "test_accuracy": 0.8355240984159084,
  "test_auc": 0.9228333750049228,
  "test_logloss": 0.34979889744201054,
  "test_mpce": 0.16551955313402406,
  "test_classification_report": {
    "0": {
      "precision": 0.8177810433504776,
      "recall": 0.8226164079822617,
      "f1-score": 0.8201915991156964,
      "support": 1353.0
    },
    "1": {
      "precision": 0.8505603985056039,
      "recall": 0.8463444857496902,
      "f1-score": 0.8484472049689441,
      "support": 1614.0
    },
    "accuracy": 0.8355240984159084,
    "macro avg": {
      "precision": 0.8341707209280408,
      "recall": 0.8344804468659759,
      "f1-score": 0.8343194020423202,
      "support": 2967.0
    },
    "weighted avg": {
      "precision": 0.8356124822518507,
      "recall": 0.8355240984159084,
      "f1-score": 0.8355621915818716,
      "support": 2967.0
    }
  },
  "test_confusion_matrix": [
    [
      1113,
      240
    ],
    [
      248,
      1366
    ]
  ],
  "wilcoxon_p_value": 0.3125
}