{
  "kge_model_type": "distmult",
  "kge_search_type": "smart",
  "kge_embedding_dim": 20,
  "ces_applied": false,
  "ces_alpha": null,
  "kge_metrics": {
    "pre_ces": {
      "train": {
        "mrr": 0.18843331933021545,
        "hits_at_1": 0.16411701556629094,
        "hits_at_10": 0.23273394167113973
      },
      "test": {
        "mrr": 0.07079926133155823,
        "hits_at_1": 0.06368515205724508,
        "hits_at_10": 0.08228980322003578
      },
      "gap": 0.11763405799865723
    },
    "post_ces": null,
    "gap_improvement": null,
    "final_train_mrr": 0.18843331933021545,
    "final_test_mrr": 0.07079926133155823,
    "final_train_test_gap": 0.11763405799865723
  },
  "selection_criterion": "downstream_auc",
  "best_classifier_params": {
    "subsample": 1.0,
    "n_estimators": 100,
    "min_child_weight": 1,
    "max_depth": 10,
    "learning_rate": 0.2,
    "gamma": 0.1,
    "colsample_bytree": 0.8
  },
  "cv_results": {
    "fold_accuracies": [
      0.8409703504043127,
      0.8651382333108564,
      0.8570465273095077,
      0.8604180714767363,
      0.8509777478084963,
      0.8530006743088334,
      0.8442346594740391,
      0.8583951449763992,
      0.8624409979770735,
      0.8597437626432907
    ],
    "fold_aucs": [
      0.9270086887445341,
      0.946142481101017,
      0.9438685539986654,
      0.944448721614864,
      0.9407559959819038,
      0.9417046112785319,
      0.9320635636406296,
      0.937972474575277,
      0.9434524464192753,
      0.9421271346135515
    ],
    "fold_logloss": [
      0.3422340970185232,
      0.29570376393038733,
      0.29984903145433933,
      0.29546172085283257,
      0.3061605437561297,
      0.3059039785480797,
      0.3279032565246216,
      0.3155327934005406,
      0.3025279380356266,
      0.30404559529672537
    ],
    "fold_mean_per_class_error": [
      0.16002152509705514,
      0.1344815702836864,
      0.1453984367553141,
      0.14013935021226986,
      0.1495338495267005,
      0.14803531231898404,
      0.15681023294692154,
      0.14307868282703856,
      0.13780034901710625,
      0.140638862614842
    ],
    "mean_accuracy": 0.8552366169689545,
    "std_accuracy": 0.007470380552364867,
    "ci_accuracy": [
      0.8496035586770284,
      0.8608696752608805
    ],
    "mean_auc": 0.9399544671968251,
    "std_auc": 0.005729393884261816,
    "ci_auc": [
      0.9356342040587933,
      0.9442747303348569
    ],
    "mean_logloss": 0.30953227188178056,
    "std_logloss": 0.014246330270495475,
    "mean_mpce": 0.14559381715999184,
    "std_mpce": 0.0077481515722289335
  },
  "test_accuracy": 0.846309403437816,
  "test_auc": 0.9323418242631225,
  "test_logloss": 0.32840704359806044,
  "test_mpce": 0.15447085782111625,
  "test_classification_report": {
    "0": {
      "precision": 0.8280907095830286,
      "recall": 0.8366592756836659,
      "f1-score": 0.8323529411764706,
      "support": 1353.0
    },
    "1": {
      "precision": 0.861875,
      "recall": 0.8543990086741016,
      "f1-score": 0.8581207218419415,
      "support": 1614.0
    },
    "accuracy": 0.846309403437816,
    "macro avg": {
      "precision": 0.8449828547915142,
      "recall": 0.8455291421788838,
      "f1-score": 0.845236831509206,
      "support": 2967.0
    },
    "weighted avg": {
      "precision": 0.8464688170090453,
      "recall": 0.846309403437816,
      "f1-score": 0.8463701969884255,
      "support": 2967.0
    }
  },
  "test_confusion_matrix": [
    [
      1132,
      221
    ],
    [
      235,
      1379
    ]
  ],
  "wilcoxon_p_value": 0.625
}