{
  "kge_model_type": "distmult",
  "kge_search_type": "smart",
  "kge_embedding_dim": 20,
  "ces_applied": false,
  "ces_alpha": null,
  "kge_metrics": {
    "pre_ces": {
      "train": {
        "mrr": 0.2909809947013855,
        "hits_at_1": 0.2614734299516908,
        "hits_at_10": 0.3440016103059581
      },
      "test": {
        "mrr": 0.08608106523752213,
        "hits_at_1": 0.06974248927038626,
        "hits_at_10": 0.11775751072961374
      },
      "gap": 0.20489992946386337
    },
    "post_ces": null,
    "gap_improvement": null,
    "final_train_mrr": 0.2909809947013855,
    "final_test_mrr": 0.08608106523752213,
    "final_train_test_gap": 0.20489992946386337
  },
  "selection_criterion": "downstream_auc",
  "best_classifier_params": {
    "subsample": 1.0,
    "n_estimators": 100,
    "min_child_weight": 1,
    "max_depth": 10,
    "learning_rate": 0.2,
    "gamma": 0.1,
    "colsample_bytree": 0.8
  },
  "cv_results": {
    "fold_accuracies": [
      0.8396793587174348,
      0.8336673346693386,
      0.8296593186372746,
      0.8466933867735471,
      0.8276553106212425,
      0.8356713426853707,
      0.8326653306613226,
      0.8326653306613226,
      0.8555667001003009,
      0.843530591775326
    ],
    "fold_aucs": [
      0.9715146288232546,
      0.9732246235754265,
      0.9677762052256984,
      0.9753902193491435,
      0.9799581402282469,
      0.9690159082514851,
      0.9756523352773883,
      0.9725657437185846,
      0.9769694121108841,
      0.9748933525615381
    ],
    "fold_logloss": [
      0.5486231371276299,
      0.5587372385460692,
      0.57345319587281,
      0.5199247874819266,
      0.49959761194776536,
      0.5711014394339597,
      0.5304899587642324,
      0.563884915578862,
      0.5236565124632091,
      0.5100951743829351
    ],
    "fold_mean_per_class_error": [
      0.20688832760881637,
      0.2051562582854518,
      0.206025238486615,
      0.1879779391467694,
      0.19572089679886295,
      0.2059538512009901,
      0.19642347481673,
      0.2094940718851826,
      0.17456839721062106,
      0.19616756938025587
    ],
    "mean_accuracy": 0.837745400530248,
    "std_accuracy": 0.008213494991753362,
    "ci_accuracy": [
      0.8315519950210276,
      0.8439388060394685
    ],
    "mean_auc": 0.9736960569121651,
    "std_auc": 0.003482329554782727,
    "ci_auc": [
      0.9710701979969083,
      0.9763219158274219
    ],
    "mean_logloss": 0.5399563971599399,
    "std_logloss": 0.02523795715521223,
    "mean_mpce": 0.19843760248202952,
    "std_mpce": 0.010240120064039413
  },
  "test_accuracy": 0.8346693386773547,
  "test_auc": 0.9702312624066295,
  "test_logloss": 0.5701494699328704,
  "test_mpce": 0.21021478196898252,
  "test_classification_report": {
    "0": {
      "precision": 0.8530805687203792,
      "recall": 0.8294930875576036,
      "f1-score": 0.8411214953271028,
      "support": 217.0
    },
    "1": {
      "precision": 0.9555555555555556,
      "recall": 0.5584415584415584,
      "f1-score": 0.7049180327868853,
      "support": 77.0
    },
    "2": {
      "precision": 0.7817460317460317,
      "recall": 0.9057471264367816,
      "f1-score": 0.8391906283280085,
      "support": 435.0
    },
    "3": {
      "precision": 0.9871794871794872,
      "recall": 0.7549019607843137,
      "f1-score": 0.8555555555555555,
      "support": 102.0
    },
    "4": {
      "precision": 0.8693586698337292,
      "recall": 0.8883495145631068,
      "f1-score": 0.8787515006002401,
      "support": 412.0
    },
    "5": {
      "precision": 0.8129032258064516,
      "recall": 0.8372093023255814,
      "f1-score": 0.8248772504091653,
      "support": 301.0
    },
    "6": {
      "precision": 0.7987220447284346,
      "recall": 0.8012820512820513,
      "f1-score": 0.8,
      "support": 312.0
    },
    "7": {
      "precision": 0.9122807017543859,
      "recall": 0.7428571428571429,
      "f1-score": 0.8188976377952756,
      "support": 140.0
    },
    "accuracy": 0.8346693386773547,
    "macro avg": {
      "precision": 0.8713532856655568,
      "recall": 0.7897852180310175,
      "f1-score": 0.8204140126002792,
      "support": 1996.0
    },
    "weighted avg": {
      "precision": 0.8412967494148575,
      "recall": 0.8346693386773547,
      "f1-score": 0.8335150214988568,
      "support": 1996.0
    }
  },
  "test_confusion_matrix": [
    [
      180,
      2,
      12,
      0,
      6,
      4,
      13,
      0
    ],
    [
      2,
      43,
      14,
      0,
      7,
      4,
      6,
      1
    ],
    [
      6,
      0,
      394,
      0,
      8,
      15,
      9,
      3
    ],
    [
      2,
      0,
      14,
      77,
      2,
      1,
      6,
      0
    ],
    [
      6,
      0,
      17,
      0,
      366,
      10,
      10,
      3
    ],
    [
      6,
      0,
      16,
      0,
      13,
      252,
      12,
      2
    ],
    [
      5,
      0,
      26,
      1,
      13,
      16,
      250,
      1
    ],
    [
      4,
      0,
      11,
      0,
      6,
      8,
      7,
      104
    ]
  ],
  "wilcoxon_p_value": 0.4375
}