{
  "kge_model_type": "distmult",
  "kge_search_type": "smart",
  "kge_embedding_dim": 20,
  "ces_applied": false,
  "ces_alpha": null,
  "kge_metrics": {
    "pre_ces": {
      "train": {
        "mrr": 0.2909213900566101,
        "hits_at_1": 0.2616747181964573,
        "hits_at_10": 0.3433306494900698
      },
      "test": {
        "mrr": 0.08603375405073166,
        "hits_at_1": 0.0700107296137339,
        "hits_at_10": 0.1174892703862661
      },
      "gap": 0.20488763600587845
    },
    "post_ces": null,
    "gap_improvement": null,
    "final_train_mrr": 0.2909213900566101,
    "final_test_mrr": 0.08603375405073166,
    "final_train_test_gap": 0.20488763600587845
  },
  "selection_criterion": "downstream_auc",
  "best_classifier_params": {
    "subsample": 1.0,
    "n_estimators": 100,
    "min_child_weight": 1,
    "max_depth": 10,
    "learning_rate": 0.2,
    "gamma": 0.1,
    "colsample_bytree": 0.8
  },
  "cv_results": {
    "fold_accuracies": [
      0.8326653306613226,
      0.8366733466933868,
      0.8266533066132264,
      0.843687374749499,
      0.8466933867735471,
      0.8336673346693386,
      0.843687374749499,
      0.8306613226452906,
      0.8445336008024072,
      0.8505516549648947
    ],
    "fold_aucs": [
      0.9712995700733428,
      0.9733146667835113,
      0.9660361747520789,
      0.9746586105058025,
      0.9788684086424811,
      0.9657039475944542,
      0.9752070109771445,
      0.9732318762362464,
      0.9760956064251388,
      0.9778844817315789
    ],
    "fold_logloss": [
      0.5552514929877999,
      0.5645204037133748,
      0.5760116177205864,
      0.5307463612675399,
      0.5003626182587088,
      0.5821975537483987,
      0.5251969980099264,
      0.5639775720131485,
      0.5217209584251815,
      0.4885915896501787
    ],
    "fold_mean_per_class_error": [
      0.2113122763728108,
      0.20577209481911798,
      0.21302400518539158,
      0.19099850441465951,
      0.18161986834484697,
      0.211748804137696,
      0.1847670512014895,
      0.20128803788029315,
      0.18572187196698964,
      0.18544917884940532
    ],
    "mean_accuracy": 0.8389474033322412,
    "std_accuracy": 0.007504118993506089,
    "ci_accuracy": [
      0.833288904488218,
      0.8446059021762643
    ],
    "mean_auc": 0.9732300353721779,
    "std_auc": 0.004239615206081876,
    "ci_auc": [
      0.9700331434034501,
      0.9764269273409056
    ],
    "mean_logloss": 0.5408577165794843,
    "std_logloss": 0.030547871148033128,
    "mean_mpce": 0.19717016931727005,
    "std_mpce": 0.012070681992074839
  },
  "test_accuracy": 0.8351703406813628,
  "test_auc": 0.9694344402281321,
  "test_logloss": 0.5705824113929635,
  "test_mpce": 0.2094377249887306,
  "test_classification_report": {
    "0": {
      "precision": 0.8598130841121495,
      "recall": 0.847926267281106,
      "f1-score": 0.8538283062645011,
      "support": 217.0
    },
    "1": {
      "precision": 0.9772727272727273,
      "recall": 0.5584415584415584,
      "f1-score": 0.7107438016528925,
      "support": 77.0
    },
    "2": {
      "precision": 0.7786561264822134,
      "recall": 0.9057471264367816,
      "f1-score": 0.8374070138150903,
      "support": 435.0
    },
    "3": {
      "precision": 1.0,
      "recall": 0.7745098039215687,
      "f1-score": 0.8729281767955801,
      "support": 102.0
    },
    "4": {
      "precision": 0.8869778869778869,
      "recall": 0.8762135922330098,
      "f1-score": 0.8815628815628815,
      "support": 412.0
    },
    "5": {
      "precision": 0.8372093023255814,
      "recall": 0.8372093023255814,
      "f1-score": 0.8372093023255814,
      "support": 301.0
    },
    "6": {
      "precision": 0.7566765578635015,
      "recall": 0.8173076923076923,
      "f1-score": 0.785824345146379,
      "support": 312.0
    },
    "7": {
      "precision": 0.9166666666666666,
      "recall": 0.7071428571428572,
      "f1-score": 0.7983870967741935,
      "support": 140.0
    },
    "accuracy": 0.8351703406813628,
    "macro avg": {
      "precision": 0.8766590439625908,
      "recall": 0.7905622750112694,
      "f1-score": 0.8222363655421374,
      "support": 1996.0
    },
    "weighted avg": {
      "precision": 0.843885853253374,
      "recall": 0.8351703406813628,
      "f1-score": 0.8344058299936611,
      "support": 1996.0
    }
  },
  "test_confusion_matrix": [
    [
      184,
      1,
      11,
      0,
      4,
      4,
      12,
      1
    ],
    [
      5,
      43,
      11,
      0,
      6,
      5,
      7,
      0
    ],
    [
      3,
      0,
      394,
      0,
      4,
      13,
      19,
      2
    ],
    [
      1,
      0,
      10,
      79,
      0,
      2,
      10,
      0
    ],
    [
      9,
      0,
      20,
      0,
      361,
      7,
      13,
      2
    ],
    [
      4,
      0,
      22,
      0,
      8,
      252,
      12,
      3
    ],
    [
      5,
      0,
      26,
      0,
      13,
      12,
      255,
      1
    ],
    [
      3,
      0,
      12,
      0,
      11,
      6,
      9,
      99
    ]
  ],
  "wilcoxon_p_value": 0.0625
}